conversion_id,user_id,conversion_time,revenue_gbp,device_type,country,touchpoints_before_conversion
ORD-200007,USER-100007,2025-01-14 11:00:00,23.41,Desktop,India,4
ORD-200011,USER-100011,2025-02-07 22:00:00,136.12,Mobile,United States,6
ORD-200051,USER-100051,2025-03-05 15:00:00,176.34,Desktop,United States,1
ORD-200054,USER-100054,2025-01-29 20:00:00,118.75,Desktop,France,4
ORD-200056,USER-100056,2025-02-04 15:00:00,47.59,Desktop,France,2
ORD-200066,USER-100066,2025-02-24 22:00:00,63.01,Mobile,United States,3
ORD-200073,USER-100073,2025-03-02 20:00:00,72.35,Mobile,Germany,5
ORD-200078,USER-100078,2025-03-26 20:00:00,57.42,Tablet,United Kingdom,4
ORD-200082,USER-100082,2025-01-23 10:00:00,150.53,Mobile,Germany,2
ORD-200086,USER-100086,2025-01-23 17:00:00,237.64,Mobile,United States,4
ORD-200088,USER-100088,2025-03-06 16:00:00,106.66,Tablet,Australia,3
ORD-200090,USER-100090,2025-02-21 12:00:00,65.72,Desktop,United Kingdom,4
ORD-200104,USER-100104,2025-02-02 17:00:00,128.21,Mobile,India,3
ORD-200105,USER-100105,2025-03-31 14:00:00,69.5,Desktop,Australia,7
ORD-200107,USER-100107,2025-02-13 19:00:00,19.84,Mobile,Germany,1
ORD-200108,USER-100108,2025-03-02 12:00:00,51.44,Mobile,United Kingdom,1
ORD-200111,USER-100111,2025-03-07 22:00:00,120.54,Mobile,United Kingdom,5
ORD-200117,USER-100117,2025-03-30 11:00:00,166.72,Mobile,United Kingdom,2
ORD-200118,USER-100118,2025-03-20 17:00:00,150.12,Mobile,Canada,3
ORD-200119,USER-100119,2025-02-27 20:00:00,82.59,Desktop,India,4
ORD-200133,USER-100133,2025-03-01 22:00:00,251.39,Mobile,United Kingdom,6
ORD-200138,USER-100138,2025-03-06 11:00:00,94.26,Mobile,United Kingdom,5
ORD-200140,USER-100140,2025-04-01 17:00:00,89.89,Tablet,United Kingdom,8
ORD-200141,USER-100141,2025-02-09 10:00:00,137.5,Mobile,India,2
ORD-200142,USER-100142,2025-03-31 12:00:00,97.11,Mobile,United States,2
ORD-200146,USER-100146,2025-03-28 22:00:00,74.92,Desktop,India,4
ORD-200156,USER-100156,2025-03-06 19:00:00,212.26,Mobile,India,6
ORD-200161,USER-100161,2025-01-31 13:00:00,77.25,Tablet,India,4
ORD-200162,USER-100162,2025-02-21 21:00:00,64.36,Desktop,United Kingdom,3
ORD-200164,USER-100164,2025-01-23 22:00:00,160.53,Tablet,Germany,6
ORD-200165,USER-100165,2025-03-13 09:00:00,127.38,Mobile,United States,8
ORD-200167,USER-100167,2025-03-02 11:00:00,380.59,Desktop,United States,4
ORD-200168,USER-100168,2025-01-18 20:00:00,239.35,Mobile,United Kingdom,6
ORD-200171,USER-100171,2025-02-17 22:00:00,123.06,Mobile,Germany,6
ORD-200176,USER-100176,2025-02-24 13:00:00,113.72,Mobile,United Kingdom,3
ORD-200177,USER-100177,2025-02-07 11:00:00,243.14,Mobile,United States,3
ORD-200178,USER-100178,2025-02-25 15:00:00,337.89,Mobile,Germany,2
ORD-200182,USER-100182,2025-01-29 11:00:00,45.08,Tablet,India,2
ORD-200183,USER-100183,2025-02-07 20:00:00,65.54,Mobile,Australia,2
ORD-200195,USER-100195,2025-03-25 17:00:00,188.72,Desktop,United States,8
ORD-200198,USER-100198,2025-02-18 10:00:00,19.44,Mobile,Canada,3
ORD-200207,USER-100207,2025-03-27 14:00:00,256.32,Mobile,United States,3
ORD-200214,USER-100214,2025-03-23 17:00:00,84.77,Desktop,India,3
ORD-200215,USER-100215,2025-03-17 12:00:00,126.06,Mobile,United Kingdom,6
ORD-200219,USER-100219,2025-01-15 18:00:00,37.86,Mobile,United Kingdom,2
ORD-200223,USER-100223,2025-03-25 13:00:00,86.14,Desktop,India,3
ORD-200229,USER-100229,2025-02-07 19:00:00,72.38,Mobile,India,4
ORD-200236,USER-100236,2025-02-04 17:00:00,140.0,Mobile,India,8
ORD-200241,USER-100241,2025-01-22 11:00:00,46.44,Mobile,United Kingdom,1
ORD-200247,USER-100247,2025-03-25 10:00:00,100.46,Mobile,United Kingdom,5
ORD-200251,USER-100251,2025-02-12 18:00:00,68.27,Desktop,United States,2
ORD-200259,USER-100259,2025-01-27 18:00:00,35.5,Desktop,United States,4
ORD-200266,USER-100266,2025-01-29 22:00:00,62.82,Desktop,United States,4
ORD-200271,USER-100271,2025-03-14 19:00:00,144.44,Desktop,India,1
ORD-200273,USER-100273,2025-02-25 10:00:00,106.03,Mobile,United Kingdom,4
ORD-200287,USER-100287,2025-03-16 22:00:00,110.77,Tablet,France,4
ORD-200295,USER-100295,2025-03-24 11:00:00,59.6,Mobile,Australia,1
ORD-200297,USER-100297,2025-02-23 16:00:00,52.89,Mobile,Germany,2
ORD-200298,USER-100298,2025-02-27 21:00:00,155.31,Mobile,United Kingdom,4
ORD-200299,USER-100299,2025-03-20 10:00:00,96.96,Desktop,United Kingdom,8
ORD-200301,USER-100301,2025-01-31 09:00:00,285.24,Mobile,Germany,2
ORD-200309,USER-100309,2025-03-25 11:00:00,62.95,Mobile,India,3
ORD-200318,USER-100318,2025-04-01 18:00:00,178.71,Desktop,United Kingdom,4
ORD-200319,USER-100319,2025-02-14 20:00:00,73.45,Mobile,Germany,7
ORD-200322,USER-100322,2025-03-01 22:00:00,99.37,Mobile,Canada,5
ORD-200326,USER-100326,2025-01-14 17:00:00,86.55,Mobile,United States,2
ORD-200333,USER-100333,2025-02-12 21:00:00,43.78,Mobile,United Kingdom,4
ORD-200336,USER-100336,2025-03-16 17:00:00,117.69,Desktop,Australia,2
ORD-200342,USER-100342,2025-02-14 11:00:00,137.22,Desktop,United Kingdom,8
ORD-200357,USER-100357,2025-02-13 12:00:00,135.4,Mobile,Canada,3
ORD-200359,USER-100359,2025-02-17 13:00:00,156.79,Mobile,United Kingdom,5
ORD-200360,USER-100360,2025-03-04 10:00:00,58.9,Mobile,Australia,2
ORD-200363,USER-100363,2025-02-08 15:00:00,30.25,Desktop,United Kingdom,2
ORD-200384,USER-100384,2025-01-30 20:00:00,31.8,Mobile,United Kingdom,1
ORD-200395,USER-100395,2025-01-30 14:00:00,79.5,Mobile,India,3
ORD-200396,USER-100396,2025-02-07 18:00:00,33.09,Mobile,Canada,2
ORD-200398,USER-100398,2025-02-18 21:00:00,68.68,Tablet,United States,4
ORD-200403,USER-100403,2025-03-05 18:00:00,44.52,Mobile,United Kingdom,8
ORD-200404,USER-100404,2025-01-21 21:00:00,98.27,Tablet,France,6
ORD-200414,USER-100414,2025-03-04 14:00:00,127.46,Mobile,United Kingdom,4
ORD-200419,USER-100419,2025-02-07 12:00:00,63.78,Mobile,Canada,1
ORD-200426,USER-100426,2025-01-23 20:00:00,51.51,Tablet,United States,7
ORD-200427,USER-100427,2025-01-25 12:00:00,206.75,Mobile,Canada,2
ORD-200433,USER-100433,2025-01-24 20:00:00,119.87,Desktop,United Kingdom,2
ORD-200439,USER-100439,2025-03-06 21:00:00,123.3,Mobile,India,1
ORD-200445,USER-100445,2025-03-29 11:00:00,88.79,Mobile,Canada,2
ORD-200448,USER-100448,2025-03-04 13:00:00,167.91,Desktop,United Kingdom,6
ORD-200450,USER-100450,2025-03-03 09:00:00,157.78,Mobile,United Kingdom,2
ORD-200451,USER-100451,2025-03-19 13:00:00,169.6,Desktop,Germany,2
ORD-200456,USER-100456,2025-03-15 10:00:00,90.12,Desktop,United Kingdom,7
ORD-200459,USER-100459,2025-03-02 11:00:00,58.56,Desktop,Germany,8
ORD-200468,USER-100468,2025-02-05 10:00:00,218.04,Mobile,United Kingdom,3
ORD-200471,USER-100471,2025-03-04 21:00:00,49.9,Mobile,United Kingdom,1
ORD-200472,USER-100472,2025-02-25 17:00:00,127.76,Mobile,Germany,1
ORD-200476,USER-100476,2025-03-14 14:00:00,90.15,Mobile,United Kingdom,6
ORD-200478,USER-100478,2025-01-20 22:00:00,67.79,Desktop,Canada,3
ORD-200480,USER-100480,2025-03-05 13:00:00,98.49,Mobile,United States,7
ORD-200485,USER-100485,2025-02-10 16:00:00,190.32,Mobile,United States,7
ORD-200490,USER-100490,2025-02-09 21:00:00,112.15,Desktop,United Kingdom,6
ORD-200493,USER-100493,2025-03-09 21:00:00,207.12,Mobile,Canada,7
ORD-200498,USER-100498,2025-03-07 09:00:00,132.1,Mobile,Canada,3
ORD-200499,USER-100499,2025-02-28 18:00:00,202.0,Mobile,India,7
ORD-200507,USER-100507,2025-03-27 11:00:00,56.33,Desktop,United Kingdom,3
ORD-200509,USER-100509,2025-01-31 14:00:00,161.72,Mobile,Germany,4
ORD-200513,USER-100513,2025-03-02 16:00:00,47.46,Mobile,Germany,5
ORD-200514,USER-100514,2025-02-15 10:00:00,234.65,Desktop,Germany,5
ORD-200529,USER-100529,2025-01-21 21:00:00,68.39,Mobile,United Kingdom,3
ORD-200543,USER-100543,2025-03-03 21:00:00,81.19,Mobile,Australia,3
ORD-200550,USER-100550,2025-03-05 19:00:00,35.13,Mobile,United Kingdom,3
ORD-200554,USER-100554,2025-01-28 10:00:00,39.39,Mobile,India,4
ORD-200562,USER-100562,2025-03-09 13:00:00,22.36,Mobile,United Kingdom,8
ORD-200565,USER-100565,2025-03-29 20:00:00,74.21,Mobile,Canada,3
ORD-200569,USER-100569,2025-02-12 10:00:00,28.75,Mobile,United Kingdom,4
ORD-200574,USER-100574,2025-03-11 17:00:00,27.7,Mobile,Germany,4
ORD-200575,USER-100575,2025-01-27 15:00:00,109.4,Desktop,Canada,5
ORD-200577,USER-100577,2025-03-29 22:00:00,73.27,Mobile,India,4
ORD-200591,USER-100591,2025-03-18 21:00:00,165.15,Mobile,India,7
ORD-200593,USER-100593,2025-01-22 10:00:00,324.61,Desktop,United Kingdom,4
ORD-200594,USER-100594,2025-03-07 17:00:00,192.8,Desktop,United Kingdom,4
ORD-200603,USER-100603,2025-02-26 09:00:00,147.24,Desktop,France,5
ORD-200605,USER-100605,2025-01-24 21:00:00,63.18,Desktop,United Kingdom,8
ORD-200607,USER-100607,2025-02-25 17:00:00,176.86,Mobile,Australia,5
ORD-200608,USER-100608,2025-02-09 20:00:00,117.93,Desktop,United States,8
ORD-200618,USER-100618,2025-01-26 22:00:00,59.66,Desktop,United Kingdom,3
ORD-200632,USER-100632,2025-02-26 16:00:00,74.13,Mobile,United Kingdom,2
ORD-200637,USER-100637,2025-03-28 22:00:00,80.81,Mobile,Canada,5
ORD-200642,USER-100642,2025-01-31 22:00:00,208.64,Mobile,United Kingdom,4
ORD-200657,USER-100657,2025-03-13 10:00:00,94.47,Tablet,India,3
ORD-200663,USER-100663,2025-03-17 13:00:00,53.86,Mobile,United Kingdom,5
ORD-200664,USER-100664,2025-02-25 19:00:00,192.37,Mobile,United States,3
ORD-200671,USER-100671,2025-01-18 14:00:00,63.62,Tablet,India,3
ORD-200687,USER-100687,2025-02-13 19:00:00,96.7,Mobile,United Kingdom,6
ORD-200694,USER-100694,2025-03-22 10:00:00,41.41,Mobile,United Kingdom,2
ORD-200700,USER-100700,2025-04-01 14:00:00,193.65,Mobile,United Kingdom,7
ORD-200701,USER-100701,2025-04-03 16:00:00,93.6,Mobile,Canada,5
ORD-200704,USER-100704,2025-03-13 12:00:00,63.64,Tablet,United Kingdom,3
ORD-200710,USER-100710,2025-03-15 15:00:00,29.66,Desktop,United States,4
ORD-200711,USER-100711,2025-03-01 13:00:00,41.14,Desktop,Canada,8
ORD-200731,USER-100731,2025-02-16 11:00:00,178.31,Desktop,United Kingdom,6
ORD-200732,USER-100732,2025-02-21 19:00:00,96.0,Desktop,United Kingdom,4
ORD-200738,USER-100738,2025-01-16 10:00:00,22.94,Mobile,United Kingdom,3
ORD-200750,USER-100750,2025-02-26 15:00:00,84.31,Desktop,India,2
ORD-200756,USER-100756,2025-01-24 22:00:00,32.93,Desktop,United States,3
ORD-200764,USER-100764,2025-03-24 09:00:00,50.28,Mobile,India,3
ORD-200770,USER-100770,2025-03-13 19:00:00,57.13,Mobile,United Kingdom,1
ORD-200771,USER-100771,2025-02-04 09:00:00,127.34,Desktop,United States,1
ORD-200780,USER-100780,2025-01-24 20:00:00,99.7,Desktop,United Kingdom,1
ORD-200802,USER-100802,2025-03-19 09:00:00,133.45,Desktop,United Kingdom,7
ORD-200807,USER-100807,2025-03-18 12:00:00,66.92,Mobile,United Kingdom,6
ORD-200809,USER-100809,2025-03-14 18:00:00,21.26,Mobile,United Kingdom,8
ORD-200811,USER-100811,2025-02-24 10:00:00,65.63,Desktop,United Kingdom,5
ORD-200823,USER-100823,2025-02-13 22:00:00,86.51,Desktop,France,4
ORD-200830,USER-100830,2025-03-05 19:00:00,190.06,Desktop,United Kingdom,4
ORD-200841,USER-100841,2025-01-09 14:00:00,69.35,Desktop,Germany,3
ORD-200846,USER-100846,2025-02-10 14:00:00,75.95,Desktop,Germany,8
ORD-200850,USER-100850,2025-02-16 22:00:00,192.41,Mobile,United States,4
ORD-200851,USER-100851,2025-03-20 12:00:00,89.94,Mobile,United States,8
ORD-200857,USER-100857,2025-02-03 12:00:00,83.36,Mobile,France,6
ORD-200858,USER-100858,2025-03-26 12:00:00,143.14,Mobile,Australia,5
ORD-200859,USER-100859,2025-02-22 09:00:00,118.89,Desktop,India,4
ORD-200866,USER-100866,2025-03-17 20:00:00,28.17,Mobile,Germany,4
ORD-200868,USER-100868,2025-03-16 17:00:00,251.35,Desktop,United Kingdom,7
ORD-200889,USER-100889,2025-03-21 09:00:00,54.53,Mobile,France,6
ORD-200891,USER-100891,2025-02-16 12:00:00,138.75,Desktop,Canada,4
ORD-200893,USER-100893,2025-01-17 11:00:00,64.75,Mobile,United Kingdom,5
ORD-200902,USER-100902,2025-02-18 17:00:00,141.33,Mobile,India,5
ORD-200904,USER-100904,2025-01-28 09:00:00,170.01,Mobile,Australia,5
ORD-200912,USER-100912,2025-03-01 11:00:00,154.45,Desktop,Germany,5
ORD-200919,USER-100919,2025-02-28 10:00:00,71.75,Desktop,United Kingdom,6
ORD-200921,USER-100921,2025-02-05 12:00:00,106.53,Desktop,France,3
ORD-200924,USER-100924,2025-02-10 13:00:00,131.11,Mobile,Canada,5
ORD-200926,USER-100926,2025-02-23 14:00:00,91.72,Mobile,India,5
ORD-200928,USER-100928,2025-02-23 18:00:00,140.23,Desktop,India,4
ORD-200934,USER-100934,2025-03-18 13:00:00,92.44,Mobile,United Kingdom,4
ORD-200935,USER-100935,2025-02-10 13:00:00,28.09,Mobile,United Kingdom,8
ORD-200937,USER-100937,2025-03-03 22:00:00,82.24,Desktop,India,3
ORD-200940,USER-100940,2025-03-08 12:00:00,205.12,Mobile,United Kingdom,4
ORD-200942,USER-100942,2025-02-25 19:00:00,196.35,Tablet,United States,2
ORD-200945,USER-100945,2025-03-20 14:00:00,166.36,Mobile,United Kingdom,3
ORD-200946,USER-100946,2025-02-28 22:00:00,119.98,Mobile,India,1
ORD-200949,USER-100949,2025-01-21 21:00:00,70.66,Mobile,United States,4
ORD-200950,USER-100950,2025-02-05 19:00:00,47.03,Mobile,United Kingdom,3
ORD-200953,USER-100953,2025-02-09 11:00:00,53.46,Tablet,United Kingdom,1
ORD-200958,USER-100958,2025-01-18 21:00:00,122.33,Mobile,Germany,1
ORD-200967,USER-100967,2025-02-09 10:00:00,82.99,Mobile,France,5
ORD-200976,USER-100976,2025-03-17 10:00:00,127.48,Desktop,United Kingdom,8
ORD-200978,USER-100978,2025-01-19 14:00:00,200.88,Desktop,Canada,5
ORD-200991,USER-100991,2025-03-18 16:00:00,147.83,Desktop,India,2
ORD-200992,USER-100992,2025-02-22 22:00:00,59.84,Mobile,United Kingdom,1
ORD-200993,USER-100993,2025-01-18 14:00:00,247.59,Mobile,United States,3
ORD-200994,USER-100994,2025-02-10 16:00:00,184.5,Mobile,Canada,3
ORD-201001,USER-101001,2025-02-11 12:00:00,52.83,Mobile,United States,3
ORD-201004,USER-101004,2025-01-11 17:00:00,100.09,Desktop,United Kingdom,1
ORD-201007,USER-101007,2025-03-18 22:00:00,143.16,Mobile,United States,3
ORD-201008,USER-101008,2025-03-08 14:00:00,187.81,Desktop,United Kingdom,1
ORD-201010,USER-101010,2025-01-31 14:00:00,123.71,Mobile,United Kingdom,2
ORD-201019,USER-101019,2025-03-29 15:00:00,90.1,Mobile,India,4
ORD-201028,USER-101028,2025-03-15 15:00:00,205.14,Mobile,India,4
ORD-201035,USER-101035,2025-04-03 19:00:00,64.5,Mobile,United Kingdom,6
ORD-201036,USER-101036,2025-02-03 12:00:00,148.55,Desktop,United States,5
ORD-201040,USER-101040,2025-02-03 11:00:00,111.78,Desktop,United Kingdom,1
ORD-201041,USER-101041,2025-02-16 18:00:00,156.6,Mobile,United Kingdom,4
ORD-201046,USER-101046,2025-03-02 18:00:00,72.75,Mobile,India,6
ORD-201058,USER-101058,2025-02-25 10:00:00,260.13,Desktop,United Kingdom,7
ORD-201060,USER-101060,2025-03-13 17:00:00,181.59,Desktop,United Kingdom,7
ORD-201064,USER-101064,2025-03-24 19:00:00,75.61,Desktop,United Kingdom,7
ORD-201068,USER-101068,2025-02-04 20:00:00,60.67,Tablet,United Kingdom,3
ORD-201072,USER-101072,2025-03-18 21:00:00,167.64,Mobile,United Kingdom,6
ORD-201073,USER-101073,2025-02-10 17:00:00,44.39,Mobile,India,4
ORD-201075,USER-101075,2025-02-26 13:00:00,47.08,Mobile,Germany,3
ORD-201076,USER-101076,2025-01-15 16:00:00,63.62,Mobile,United Kingdom,4
ORD-201077,USER-101077,2025-03-18 21:00:00,75.5,Mobile,United Kingdom,5
ORD-201078,USER-101078,2025-02-04 14:00:00,100.31,Desktop,United States,8
ORD-201083,USER-101083,2025-02-27 18:00:00,187.16,Mobile,Germany,3
ORD-201088,USER-101088,2025-02-16 13:00:00,51.85,Mobile,United Kingdom,5
ORD-201090,USER-101090,2025-03-19 17:00:00,83.74,Tablet,United Kingdom,3
ORD-201099,USER-101099,2025-02-02 10:00:00,80.38,Mobile,United Kingdom,2
ORD-201100,USER-101100,2025-02-02 17:00:00,140.04,Tablet,United States,3
ORD-201109,USER-101109,2025-02-06 13:00:00,60.0,Desktop,France,4
ORD-201113,USER-101113,2025-03-28 16:00:00,341.11,Desktop,India,6
ORD-201120,USER-101120,2025-02-28 10:00:00,159.6,Desktop,Australia,5
ORD-201121,USER-101121,2025-03-10 15:00:00,71.8,Mobile,Australia,1
ORD-201124,USER-101124,2025-02-07 09:00:00,58.32,Mobile,United Kingdom,2
ORD-201126,USER-101126,2025-03-19 10:00:00,45.59,Mobile,Canada,3
ORD-201127,USER-101127,2025-02-10 16:00:00,155.18,Mobile,India,3
ORD-201129,USER-101129,2025-01-18 17:00:00,135.37,Mobile,United States,3
ORD-201135,USER-101135,2025-02-25 17:00:00,112.56,Desktop,Australia,5
ORD-201136,USER-101136,2025-01-11 12:00:00,82.45,Mobile,Germany,2
ORD-201137,USER-101137,2025-01-22 22:00:00,63.57,Mobile,Germany,1
ORD-201138,USER-101138,2025-02-03 09:00:00,142.01,Tablet,United States,6
ORD-201161,USER-101161,2025-03-02 17:00:00,31.15,Mobile,France,4
ORD-201169,USER-101169,2025-02-15 09:00:00,128.72,Mobile,Australia,1
ORD-201172,USER-101172,2025-02-11 15:00:00,114.21,Mobile,Australia,7
ORD-201175,USER-101175,2025-02-17 16:00:00,59.7,Mobile,India,5
ORD-201181,USER-101181,2025-02-23 21:00:00,52.33,Tablet,Germany,1
ORD-201182,USER-101182,2025-02-12 17:00:00,79.35,Mobile,United States,6
ORD-201197,USER-101197,2025-02-10 13:00:00,163.62,Mobile,India,6
ORD-201199,USER-101199,2025-02-15 14:00:00,18.0,Mobile,India,3
ORD-201200,USER-101200,2025-01-24 14:00:00,94.58,Mobile,United States,2
ORD-201204,USER-101204,2025-02-06 18:00:00,119.31,Mobile,United States,4
ORD-201212,USER-101212,2025-01-14 18:00:00,41.11,Desktop,United Kingdom,3
ORD-201223,USER-101223,2025-02-22 19:00:00,75.01,Mobile,United Kingdom,1
ORD-201224,USER-101224,2025-03-14 13:00:00,126.39,Desktop,Australia,3
ORD-201229,USER-101229,2025-02-11 22:00:00,102.75,Mobile,United States,8
ORD-201230,USER-101230,2025-01-11 11:00:00,101.49,Mobile,United States,1
ORD-201256,USER-101256,2025-02-22 19:00:00,86.87,Mobile,United Kingdom,1
ORD-201258,USER-101258,2025-02-12 18:00:00,102.98,Mobile,Germany,2
ORD-201260,USER-101260,2025-01-24 17:00:00,87.52,Mobile,Germany,6
ORD-201268,USER-101268,2025-02-26 13:00:00,70.65,Mobile,United States,2
ORD-201276,USER-101276,2025-01-21 09:00:00,104.07,Mobile,United States,5
ORD-201277,USER-101277,2025-02-08 22:00:00,358.86,Mobile,United Kingdom,6
ORD-201289,USER-101289,2025-03-20 13:00:00,263.74,Mobile,India,5
ORD-201293,USER-101293,2025-01-29 21:00:00,62.04,Desktop,United States,1
ORD-201294,USER-101294,2025-03-22 16:00:00,111.58,Mobile,United Kingdom,5
ORD-201296,USER-101296,2025-02-14 10:00:00,237.26,Mobile,India,4
ORD-201297,USER-101297,2025-01-16 11:00:00,45.65,Mobile,United Kingdom,6
ORD-201300,USER-101300,2025-02-27 20:00:00,75.81,Mobile,United States,4
ORD-201301,USER-101301,2025-01-24 10:00:00,103.18,Mobile,United Kingdom,1
ORD-201311,USER-101311,2025-02-26 21:00:00,108.99,Tablet,India,3
ORD-201314,USER-101314,2025-02-12 15:00:00,127.66,Mobile,United Kingdom,4
ORD-201316,USER-101316,2025-03-03 15:00:00,110.64,Mobile,United Kingdom,3
ORD-201319,USER-101319,2025-03-19 15:00:00,87.38,Desktop,United Kingdom,2
ORD-201323,USER-101323,2025-03-17 12:00:00,310.91,Mobile,United States,6
ORD-201324,USER-101324,2025-03-28 16:00:00,38.32,Mobile,United States,3
ORD-201325,USER-101325,2025-02-08 21:00:00,202.43,Tablet,United States,3
ORD-201336,USER-101336,2025-01-16 12:00:00,90.9,Mobile,Canada,7
ORD-201339,USER-101339,2025-03-26 18:00:00,145.98,Mobile,India,6
ORD-201343,USER-101343,2025-03-17 14:00:00,207.21,Desktop,United Kingdom,3
ORD-201344,USER-101344,2025-03-06 11:00:00,161.29,Mobile,Germany,2
ORD-201349,USER-101349,2025-03-11 11:00:00,198.63,Mobile,Australia,4
ORD-201351,USER-101351,2025-03-03 17:00:00,26.78,Mobile,United Kingdom,1
ORD-201358,USER-101358,2025-03-29 12:00:00,130.86,Mobile,United States,3
ORD-201364,USER-101364,2025-01-22 16:00:00,90.83,Desktop,India,4
ORD-201369,USER-101369,2025-02-09 09:00:00,124.45,Tablet,United States,1
ORD-201373,USER-101373,2025-01-15 17:00:00,129.47,Desktop,India,3
ORD-201376,USER-101376,2025-02-16 19:00:00,175.3,Mobile,United States,2
ORD-201379,USER-101379,2025-03-21 12:00:00,495.13,Mobile,United Kingdom,7
ORD-201407,USER-101407,2025-02-26 09:00:00,73.49,Desktop,United Kingdom,3
ORD-201413,USER-101413,2025-02-21 16:00:00,165.87,Mobile,Canada,1
ORD-201418,USER-101418,2025-03-28 16:00:00,35.93,Mobile,Canada,3
ORD-201427,USER-101427,2025-01-26 13:00:00,47.73,Tablet,United States,2
ORD-201434,USER-101434,2025-01-25 17:00:00,300.92,Mobile,Germany,3
ORD-201436,USER-101436,2025-03-08 12:00:00,19.44,Mobile,India,5
ORD-201437,USER-101437,2025-02-07 15:00:00,23.53,Desktop,United Kingdom,3
ORD-201438,USER-101438,2025-02-11 12:00:00,113.85,Mobile,United Kingdom,5
ORD-201439,USER-101439,2025-02-27 16:00:00,91.36,Mobile,United Kingdom,3
ORD-201440,USER-101440,2025-03-20 14:00:00,142.04,Mobile,United Kingdom,7
ORD-201448,USER-101448,2025-02-12 18:00:00,21.24,Tablet,United Kingdom,4
ORD-201456,USER-101456,2025-01-29 13:00:00,118.3,Mobile,United States,2
ORD-201458,USER-101458,2025-03-19 17:00:00,136.59,Desktop,India,1
ORD-201464,USER-101464,2025-03-21 09:00:00,108.19,Mobile,United Kingdom,5
ORD-201465,USER-101465,2025-03-12 15:00:00,76.32,Mobile,United Kingdom,3
ORD-201466,USER-101466,2025-02-27 17:00:00,111.68,Desktop,United Kingdom,3
ORD-201472,USER-101472,2025-01-21 09:00:00,73.89,Mobile,United Kingdom,3
ORD-201495,USER-101495,2025-03-02 13:00:00,112.07,Mobile,Australia,5
ORD-201513,USER-101513,2025-02-01 14:00:00,119.96,Desktop,United Kingdom,8
ORD-201514,USER-101514,2025-03-18 16:00:00,259.69,Desktop,United Kingdom,4
ORD-201521,USER-101521,2025-02-12 16:00:00,110.96,Desktop,United States,4
ORD-201522,USER-101522,2025-02-28 13:00:00,143.81,Mobile,India,5
ORD-201525,USER-101525,2025-03-13 14:00:00,39.37,Mobile,Germany,4
ORD-201526,USER-101526,2025-03-01 16:00:00,149.9,Desktop,France,4
ORD-201541,USER-101541,2025-03-24 09:00:00,211.91,Desktop,Canada,2
ORD-201554,USER-101554,2025-03-06 16:00:00,79.13,Mobile,Canada,8
ORD-201555,USER-101555,2025-03-06 21:00:00,254.28,Mobile,Canada,4
ORD-201557,USER-101557,2025-03-13 13:00:00,197.07,Mobile,United States,5
ORD-201561,USER-101561,2025-03-22 14:00:00,149.7,Mobile,United Kingdom,1
ORD-201564,USER-101564,2025-04-04 18:00:00,141.24,Mobile,Germany,6
ORD-201570,USER-101570,2025-03-14 13:00:00,123.87,Mobile,Australia,4
ORD-201573,USER-101573,2025-02-03 16:00:00,67.12,Mobile,Canada,3
ORD-201575,USER-101575,2025-03-12 11:00:00,128.8,Desktop,United States,5
ORD-201578,USER-101578,2025-02-05 13:00:00,51.82,Desktop,United States,4
ORD-201583,USER-101583,2025-03-07 11:00:00,53.12,Mobile,United States,1
ORD-201592,USER-101592,2025-02-23 22:00:00,21.5,Mobile,Canada,2
ORD-201598,USER-101598,2025-04-01 18:00:00,24.43,Desktop,United Kingdom,4
ORD-201605,USER-101605,2025-01-19 19:00:00,79.48,Tablet,Australia,5
ORD-201609,USER-101609,2025-01-26 18:00:00,123.09,Mobile,France,4
ORD-201614,USER-101614,2025-03-24 11:00:00,38.15,Mobile,Australia,1
ORD-201617,USER-101617,2025-03-18 20:00:00,195.51,Mobile,France,4
ORD-201618,USER-101618,2025-01-28 20:00:00,158.11,Mobile,United Kingdom,6
ORD-201623,USER-101623,2025-02-06 12:00:00,172.13,Tablet,United States,2
ORD-201629,USER-101629,2025-03-06 21:00:00,53.99,Mobile,Canada,5
ORD-201631,USER-101631,2025-01-27 19:00:00,58.49,Mobile,France,2
ORD-201632,USER-101632,2025-02-17 10:00:00,300.96,Mobile,United Kingdom,7
ORD-201635,USER-101635,2025-02-17 14:00:00,70.54,Mobile,United Kingdom,2
ORD-201643,USER-101643,2025-02-28 21:00:00,65.72,Mobile,United Kingdom,4
ORD-201646,USER-101646,2025-01-30 15:00:00,56.92,Mobile,India,2
ORD-201647,USER-101647,2025-03-31 12:00:00,68.41,Mobile,United Kingdom,3
ORD-201659,USER-101659,2025-03-02 22:00:00,81.87,Mobile,Canada,4
ORD-201661,USER-101661,2025-02-06 11:00:00,130.83,Mobile,United Kingdom,5
ORD-201662,USER-101662,2025-02-04 10:00:00,26.38,Mobile,Germany,8
ORD-201666,USER-101666,2025-01-26 11:00:00,95.45,Mobile,United States,2
ORD-201668,USER-101668,2025-02-15 09:00:00,234.34,Desktop,United Kingdom,3
ORD-201672,USER-101672,2025-02-15 19:00:00,69.62,Desktop,Australia,2
ORD-201678,USER-101678,2025-02-26 09:00:00,93.51,Mobile,United States,4
ORD-201688,USER-101688,2025-02-23 15:00:00,34.47,Mobile,United Kingdom,4
ORD-201691,USER-101691,2025-03-22 13:00:00,52.91,Desktop,United Kingdom,1
ORD-201698,USER-101698,2025-02-26 21:00:00,40.94,Desktop,Australia,5
ORD-201701,USER-101701,2025-02-07 21:00:00,153.55,Desktop,Germany,3
ORD-201718,USER-101718,2025-02-24 20:00:00,117.67,Mobile,India,4
ORD-201722,USER-101722,2025-02-16 11:00:00,142.44,Desktop,United Kingdom,5
ORD-201723,USER-101723,2025-03-14 22:00:00,88.68,Desktop,United States,8
ORD-201726,USER-101726,2025-03-09 19:00:00,127.56,Mobile,Germany,4
ORD-201734,USER-101734,2025-03-04 12:00:00,81.08,Mobile,United States,5
ORD-201751,USER-101751,2025-02-21 17:00:00,30.81,Desktop,United Kingdom,1
ORD-201754,USER-101754,2025-02-04 18:00:00,116.78,Desktop,France,1
ORD-201774,USER-101774,2025-02-01 21:00:00,44.65,Mobile,United Kingdom,4
ORD-201779,USER-101779,2025-01-30 16:00:00,120.81,Mobile,United Kingdom,4
ORD-201785,USER-101785,2025-03-15 22:00:00,83.19,Desktop,United States,1
ORD-201786,USER-101786,2025-01-20 18:00:00,50.69,Mobile,India,2
ORD-201790,USER-101790,2025-02-11 10:00:00,104.85,Mobile,United States,1
ORD-201803,USER-101803,2025-03-07 14:00:00,44.92,Desktop,United Kingdom,2
ORD-201813,USER-101813,2025-01-25 17:00:00,220.66,Mobile,United Kingdom,3
ORD-201824,USER-101824,2025-01-26 14:00:00,58.38,Mobile,United States,6
ORD-201837,USER-101837,2025-02-24 11:00:00,82.14,Mobile,United Kingdom,5
ORD-201844,USER-101844,2025-03-26 19:00:00,146.75,Mobile,United Kingdom,8
ORD-201847,USER-101847,2025-01-29 13:00:00,172.43,Mobile,United Kingdom,4
ORD-201852,USER-101852,2025-02-16 09:00:00,102.43,Desktop,United States,5
ORD-201859,USER-101859,2025-03-17 18:00:00,21.24,Desktop,Canada,3
ORD-201877,USER-101877,2025-02-11 19:00:00,147.01,Mobile,United Kingdom,4
ORD-201878,USER-101878,2025-01-31 20:00:00,83.96,Mobile,Canada,6
ORD-201880,USER-101880,2025-03-20 18:00:00,46.4,Mobile,United Kingdom,4
ORD-201882,USER-101882,2025-03-08 11:00:00,104.14,Desktop,United Kingdom,4
ORD-201883,USER-101883,2025-03-01 09:00:00,31.57,Mobile,Australia,2
ORD-201888,USER-101888,2025-02-10 18:00:00,180.57,Mobile,United States,2
ORD-201889,USER-101889,2025-03-11 19:00:00,162.11,Mobile,United Kingdom,5
ORD-201893,USER-101893,2025-01-21 19:00:00,61.95,Desktop,India,3
ORD-201903,USER-101903,2025-01-24 21:00:00,85.89,Mobile,France,5
ORD-201904,USER-101904,2025-03-08 11:00:00,138.06,Desktop,United Kingdom,5
ORD-201910,USER-101910,2025-02-02 10:00:00,88.24,Desktop,Germany,5
ORD-201913,USER-101913,2025-03-13 17:00:00,136.46,Desktop,United Kingdom,1
ORD-201917,USER-101917,2025-03-26 14:00:00,329.0,Desktop,United Kingdom,6
ORD-201918,USER-101918,2025-03-05 18:00:00,93.35,Mobile,United States,6
ORD-201920,USER-101920,2025-02-03 14:00:00,252.91,Mobile,United Kingdom,5
ORD-201929,USER-101929,2025-02-01 19:00:00,46.45,Mobile,United Kingdom,7
ORD-201940,USER-101940,2025-01-30 16:00:00,151.94,Mobile,United Kingdom,5
ORD-201949,USER-101949,2025-04-01 22:00:00,90.85,Mobile,United Kingdom,6
ORD-201950,USER-101950,2025-01-21 13:00:00,150.7,Mobile,United Kingdom,5
ORD-201973,USER-101973,2025-01-20 22:00:00,246.59,Mobile,United Kingdom,2
ORD-201980,USER-101980,2025-04-04 13:00:00,84.7,Tablet,United Kingdom,2
ORD-201993,USER-101993,2025-02-07 13:00:00,23.76,Desktop,United States,5
ORD-201997,USER-101997,2025-01-23 11:00:00,154.79,Desktop,France,4
ORD-201999,USER-101999,2025-02-13 22:00:00,60.04,Mobile,Australia,5
ORD-202015,USER-102015,2025-03-25 17:00:00,106.6,Desktop,Germany,1
ORD-202018,USER-102018,2025-03-06 11:00:00,89.46,Mobile,United States,8
ORD-202019,USER-102019,2025-01-15 14:00:00,43.37,Desktop,Germany,2
ORD-202027,USER-102027,2025-03-14 20:00:00,119.54,Mobile,United Kingdom,5
ORD-202029,USER-102029,2025-02-09 22:00:00,80.24,Mobile,Germany,5
ORD-202032,USER-102032,2025-02-21 21:00:00,22.46,Desktop,United Kingdom,1
ORD-202038,USER-102038,2025-02-12 21:00:00,152.19,Mobile,United Kingdom,4
ORD-202039,USER-102039,2025-01-08 21:00:00,181.27,Mobile,United Kingdom,1
ORD-202047,USER-102047,2025-01-20 12:00:00,53.92,Mobile,United States,2
ORD-202048,USER-102048,2025-02-10 22:00:00,22.36,Desktop,United Kingdom,4
ORD-202049,USER-102049,2025-03-06 16:00:00,27.36,Mobile,United Kingdom,1
ORD-202054,USER-102054,2025-03-08 09:00:00,47.58,Mobile,Germany,4
ORD-202060,USER-102060,2025-03-08 12:00:00,293.26,Mobile,India,4
ORD-202064,USER-102064,2025-01-28 16:00:00,365.47,Mobile,Australia,6
ORD-202069,USER-102069,2025-01-15 16:00:00,52.56,Desktop,India,4
ORD-202081,USER-102081,2025-01-31 14:00:00,156.13,Mobile,Australia,6
ORD-202093,USER-102093,2025-03-13 09:00:00,51.68,Mobile,United Kingdom,3
ORD-202094,USER-102094,2025-01-27 13:00:00,94.2,Tablet,United Kingdom,2
ORD-202107,USER-102107,2025-01-29 15:00:00,53.12,Mobile,France,2
ORD-202112,USER-102112,2025-01-14 20:00:00,96.77,Desktop,Canada,2
ORD-202131,USER-102131,2025-02-26 12:00:00,77.85,Tablet,Australia,4
ORD-202138,USER-102138,2025-03-23 17:00:00,56.82,Mobile,United Kingdom,4
ORD-202146,USER-102146,2025-02-15 17:00:00,22.94,Mobile,United States,3
ORD-202148,USER-102148,2025-01-28 17:00:00,76.15,Mobile,Canada,3
ORD-202150,USER-102150,2025-03-23 19:00:00,82.43,Mobile,United Kingdom,8
ORD-202155,USER-102155,2025-03-02 12:00:00,157.91,Mobile,France,3
ORD-202156,USER-102156,2025-03-08 12:00:00,80.31,Mobile,United Kingdom,4
ORD-202162,USER-102162,2025-02-28 15:00:00,64.81,Mobile,United Kingdom,2
ORD-202171,USER-102171,2025-02-28 11:00:00,282.89,Desktop,Canada,2
ORD-202174,USER-102174,2025-02-13 14:00:00,63.99,Desktop,United States,5
ORD-202184,USER-102184,2025-03-13 09:00:00,197.8,Mobile,United States,8
ORD-202186,USER-102186,2025-02-02 16:00:00,112.89,Mobile,Germany,1
ORD-202189,USER-102189,2025-03-11 12:00:00,70.28,Mobile,United Kingdom,4
ORD-202190,USER-102190,2025-02-20 11:00:00,136.3,Mobile,United Kingdom,6
ORD-202193,USER-102193,2025-03-07 09:00:00,381.02,Mobile,United Kingdom,7
ORD-202204,USER-102204,2025-03-24 16:00:00,42.24,Mobile,United Kingdom,5
ORD-202206,USER-102206,2025-02-05 10:00:00,86.68,Desktop,India,3
ORD-202226,USER-102226,2025-02-19 17:00:00,105.28,Mobile,United Kingdom,8
ORD-202227,USER-102227,2025-03-18 13:00:00,83.4,Desktop,United Kingdom,3
ORD-202228,USER-102228,2025-03-18 17:00:00,84.47,Mobile,United States,6
ORD-202242,USER-102242,2025-03-22 18:00:00,57.91,Mobile,India,6
ORD-202245,USER-102245,2025-03-05 22:00:00,96.45,Desktop,United Kingdom,3
ORD-202247,USER-102247,2025-02-16 11:00:00,62.01,Desktop,India,2
ORD-202251,USER-102251,2025-03-22 09:00:00,24.98,Mobile,United Kingdom,4
ORD-202252,USER-102252,2025-02-27 11:00:00,182.98,Mobile,Germany,2
ORD-202257,USER-102257,2025-02-23 17:00:00,264.53,Mobile,Canada,2
ORD-202267,USER-102267,2025-03-29 10:00:00,56.45,Mobile,United Kingdom,3
ORD-202268,USER-102268,2025-03-22 15:00:00,69.45,Mobile,United States,3
ORD-202269,USER-102269,2025-03-03 10:00:00,55.56,Desktop,France,8
ORD-202271,USER-102271,2025-01-22 22:00:00,87.99,Mobile,United Kingdom,4
ORD-202286,USER-102286,2025-01-16 09:00:00,68.2,Desktop,India,1
ORD-202289,USER-102289,2025-03-15 15:00:00,131.44,Mobile,United States,4
ORD-202292,USER-102292,2025-01-16 22:00:00,69.96,Mobile,United States,3
ORD-202302,USER-102302,2025-03-31 15:00:00,56.79,Desktop,Germany,2
ORD-202312,USER-102312,2025-02-03 19:00:00,251.13,Mobile,United Kingdom,5
ORD-202318,USER-102318,2025-03-16 19:00:00,99.03,Mobile,India,5
ORD-202322,USER-102322,2025-02-20 13:00:00,123.83,Desktop,Germany,4
ORD-202324,USER-102324,2025-03-17 20:00:00,61.31,Mobile,United States,4
ORD-202325,USER-102325,2025-03-27 10:00:00,172.61,Mobile,Canada,2
ORD-202335,USER-102335,2025-01-29 10:00:00,90.61,Desktop,Germany,6
ORD-202336,USER-102336,2025-02-19 15:00:00,143.77,Mobile,United Kingdom,6
ORD-202339,USER-102339,2025-03-05 21:00:00,213.97,Desktop,Australia,2
ORD-202343,USER-102343,2025-03-11 14:00:00,127.55,Desktop,United Kingdom,4
ORD-202349,USER-102349,2025-02-23 16:00:00,70.06,Mobile,United States,4
ORD-202350,USER-102350,2025-02-12 15:00:00,162.54,Mobile,United States,2
ORD-202354,USER-102354,2025-02-01 12:00:00,110.15,Desktop,United Kingdom,3
ORD-202365,USER-102365,2025-01-25 19:00:00,83.57,Mobile,United Kingdom,1
ORD-202367,USER-102367,2025-02-21 13:00:00,208.59,Desktop,United Kingdom,2
ORD-202369,USER-102369,2025-02-19 16:00:00,93.37,Mobile,Germany,5
ORD-202371,USER-102371,2025-02-04 13:00:00,46.11,Mobile,United Kingdom,4
ORD-202375,USER-102375,2025-02-07 20:00:00,22.94,Mobile,United States,6
ORD-202392,USER-102392,2025-03-18 10:00:00,93.87,Mobile,Australia,4
ORD-202401,USER-102401,2025-03-20 10:00:00,337.25,Desktop,India,4
ORD-202403,USER-102403,2025-02-28 19:00:00,246.98,Desktop,United States,1
ORD-202405,USER-102405,2025-03-08 18:00:00,208.73,Mobile,France,3
ORD-202407,USER-102407,2025-01-26 15:00:00,158.81,Desktop,United Kingdom,7
ORD-202409,USER-102409,2025-01-31 09:00:00,78.29,Tablet,United Kingdom,2
ORD-202413,USER-102413,2025-01-29 17:00:00,106.98,Mobile,United Kingdom,3
ORD-202414,USER-102414,2025-01-25 20:00:00,141.33,Mobile,United Kingdom,3
ORD-202416,USER-102416,2025-02-03 21:00:00,99.39,Desktop,United Kingdom,4
ORD-202419,USER-102419,2025-03-20 10:00:00,169.92,Mobile,Australia,1
ORD-202425,USER-102425,2025-02-13 13:00:00,76.03,Desktop,United Kingdom,6
ORD-202428,USER-102428,2025-03-08 14:00:00,101.33,Desktop,United Kingdom,2
ORD-202431,USER-102431,2025-02-24 15:00:00,177.26,Tablet,United Kingdom,1
ORD-202461,USER-102461,2025-03-07 16:00:00,121.85,Desktop,India,3
ORD-202464,USER-102464,2025-03-07 14:00:00,40.62,Desktop,France,3
ORD-202470,USER-102470,2025-01-22 09:00:00,130.76,Desktop,United Kingdom,6
ORD-202473,USER-102473,2025-02-04 19:00:00,57.43,Mobile,United States,4
ORD-202482,USER-102482,2025-03-03 17:00:00,186.43,Mobile,Germany,5
ORD-202491,USER-102491,2025-02-06 10:00:00,205.22,Mobile,United Kingdom,1
ORD-202528,USER-102528,2025-02-13 22:00:00,107.08,Mobile,United Kingdom,4
ORD-202539,USER-102539,2025-02-17 11:00:00,155.11,Desktop,United Kingdom,4
ORD-202540,USER-102540,2025-02-23 11:00:00,122.95,Mobile,France,2
ORD-202546,USER-102546,2025-02-05 21:00:00,65.62,Mobile,Canada,7
ORD-202547,USER-102547,2025-01-18 17:00:00,116.98,Mobile,United Kingdom,7
ORD-202560,USER-102560,2025-02-05 20:00:00,57.48,Desktop,United Kingdom,5
ORD-202562,USER-102562,2025-01-30 13:00:00,42.24,Mobile,United Kingdom,3
ORD-202564,USER-102564,2025-01-19 09:00:00,23.77,Mobile,United Kingdom,2
ORD-202567,USER-102567,2025-02-05 10:00:00,221.85,Mobile,Germany,5
ORD-202575,USER-102575,2025-03-22 20:00:00,152.29,Mobile,United States,7
ORD-202589,USER-102589,2025-01-26 19:00:00,120.28,Mobile,United States,3
ORD-202591,USER-102591,2025-02-02 09:00:00,19.44,Mobile,United States,1
ORD-202592,USER-102592,2025-03-04 18:00:00,112.64,Mobile,Australia,5
ORD-202599,USER-102599,2025-03-24 21:00:00,210.22,Mobile,United Kingdom,1
ORD-202600,USER-102600,2025-02-03 14:00:00,124.18,Desktop,United Kingdom,4
ORD-202604,USER-102604,2025-03-17 20:00:00,218.06,Desktop,India,3
ORD-202619,USER-102619,2025-02-21 09:00:00,484.67,Desktop,United Kingdom,1
ORD-202623,USER-102623,2025-02-02 17:00:00,101.82,Mobile,France,4
ORD-202625,USER-102625,2025-02-23 19:00:00,270.56,Mobile,United Kingdom,8
ORD-202627,USER-102627,2025-03-02 14:00:00,135.74,Mobile,India,4
ORD-202629,USER-102629,2025-02-23 17:00:00,129.11,Desktop,India,2
ORD-202633,USER-102633,2025-03-26 13:00:00,80.76,Mobile,United States,6
ORD-202646,USER-102646,2025-04-01 17:00:00,42.9,Mobile,United Kingdom,8
ORD-202649,USER-102649,2025-01-17 13:00:00,92.36,Mobile,United Kingdom,6
ORD-202655,USER-102655,2025-01-28 13:00:00,122.55,Desktop,United Kingdom,5
ORD-202658,USER-102658,2025-02-17 09:00:00,79.7,Mobile,United States,4
ORD-202666,USER-102666,2025-02-14 20:00:00,142.72,Desktop,United Kingdom,1
ORD-202668,USER-102668,2025-01-30 13:00:00,55.41,Desktop,India,3
ORD-202670,USER-102670,2025-02-09 17:00:00,124.17,Desktop,France,1
ORD-202671,USER-102671,2025-02-18 12:00:00,183.46,Tablet,United Kingdom,6
ORD-202686,USER-102686,2025-02-13 22:00:00,65.84,Mobile,United Kingdom,5
ORD-202687,USER-102687,2025-03-01 21:00:00,42.78,Desktop,France,3
ORD-202688,USER-102688,2025-04-02 09:00:00,58.98,Mobile,Australia,5
ORD-202697,USER-102697,2025-01-30 18:00:00,282.91,Desktop,India,5
ORD-202698,USER-102698,2025-01-26 15:00:00,81.6,Desktop,United Kingdom,2
ORD-202706,USER-102706,2025-01-04 15:00:00,154.96,Mobile,Canada,1
ORD-202711,USER-102711,2025-03-24 22:00:00,146.47,Mobile,United Kingdom,3
ORD-202714,USER-102714,2025-02-08 15:00:00,129.27,Mobile,United Kingdom,1
ORD-202721,USER-102721,2025-01-21 17:00:00,127.8,Desktop,United States,7
ORD-202722,USER-102722,2025-03-08 14:00:00,110.69,Mobile,United States,2
ORD-202724,USER-102724,2025-01-16 21:00:00,38.77,Mobile,India,2
ORD-202726,USER-102726,2025-03-16 16:00:00,77.5,Mobile,Australia,6
ORD-202727,USER-102727,2025-03-11 20:00:00,25.18,Desktop,United Kingdom,3
ORD-202740,USER-102740,2025-01-12 12:00:00,40.39,Mobile,Germany,1
ORD-202742,USER-102742,2025-03-13 09:00:00,86.58,Mobile,United Kingdom,2
ORD-202743,USER-102743,2025-03-12 10:00:00,63.38,Desktop,United Kingdom,4
ORD-202748,USER-102748,2025-02-21 11:00:00,78.59,Desktop,Canada,2
ORD-202750,USER-102750,2025-03-28 18:00:00,206.57,Desktop,France,6
ORD-202752,USER-102752,2025-02-04 22:00:00,66.06,Desktop,United States,2
ORD-202759,USER-102759,2025-03-10 12:00:00,127.18,Mobile,United Kingdom,7
ORD-202767,USER-102767,2025-02-27 17:00:00,127.95,Desktop,India,1
ORD-202777,USER-102777,2025-01-22 14:00:00,53.95,Desktop,United Kingdom,3
ORD-202784,USER-102784,2025-03-31 11:00:00,123.94,Mobile,United Kingdom,5
ORD-202787,USER-102787,2025-01-20 22:00:00,88.4,Mobile,United States,4
ORD-202803,USER-102803,2025-02-21 13:00:00,56.87,Mobile,United Kingdom,2
ORD-202804,USER-102804,2025-03-19 15:00:00,22.59,Desktop,Australia,6
ORD-202826,USER-102826,2025-03-22 16:00:00,41.01,Mobile,United Kingdom,7
ORD-202827,USER-102827,2025-02-18 22:00:00,111.52,Mobile,United Kingdom,6
ORD-202829,USER-102829,2025-03-04 12:00:00,47.4,Desktop,United Kingdom,2
ORD-202832,USER-102832,2025-02-17 09:00:00,450.11,Mobile,United States,5
ORD-202836,USER-102836,2025-02-24 16:00:00,27.73,Tablet,United Kingdom,8
ORD-202838,USER-102838,2025-02-17 18:00:00,382.46,Desktop,United Kingdom,3
ORD-202842,USER-102842,2025-03-12 21:00:00,98.56,Mobile,Germany,2
ORD-202862,USER-102862,2025-03-06 13:00:00,162.68,Desktop,United Kingdom,1
ORD-202875,USER-102875,2025-01-14 14:00:00,192.18,Mobile,United Kingdom,6
ORD-202879,USER-102879,2025-01-20 16:00:00,127.3,Mobile,United Kingdom,4
ORD-202882,USER-102882,2025-03-25 22:00:00,125.5,Mobile,United Kingdom,5
ORD-202885,USER-102885,2025-02-02 19:00:00,105.85,Mobile,United Kingdom,5
ORD-202893,USER-102893,2025-02-27 10:00:00,156.0,Tablet,India,3
ORD-202902,USER-102902,2025-02-17 16:00:00,138.72,Mobile,United Kingdom,6
ORD-202905,USER-102905,2025-03-09 17:00:00,58.73,Mobile,United States,5
ORD-202914,USER-102914,2025-01-19 18:00:00,155.62,Tablet,Australia,2
ORD-202918,USER-102918,2025-02-03 20:00:00,65.22,Desktop,Germany,6
ORD-202920,USER-102920,2025-02-23 10:00:00,165.49,Mobile,United Kingdom,2
ORD-202923,USER-102923,2025-03-25 09:00:00,55.73,Desktop,Canada,7
ORD-202924,USER-102924,2025-02-19 11:00:00,55.04,Mobile,France,3
ORD-202937,USER-102937,2025-01-28 09:00:00,120.17,Mobile,United States,4
ORD-202939,USER-102939,2025-02-28 11:00:00,41.14,Mobile,United States,5
ORD-202943,USER-102943,2025-02-01 13:00:00,332.97,Desktop,United States,5
ORD-202951,USER-102951,2025-01-24 13:00:00,167.14,Tablet,United States,2
ORD-202960,USER-102960,2025-02-11 21:00:00,89.05,Mobile,United States,3
ORD-202973,USER-102973,2025-02-11 10:00:00,173.09,Desktop,United States,6
ORD-202976,USER-102976,2025-01-23 10:00:00,24.13,Mobile,United Kingdom,1
ORD-202977,USER-102977,2025-03-16 12:00:00,80.88,Mobile,United States,6
ORD-202978,USER-102978,2025-01-22 16:00:00,96.75,Tablet,United States,3
ORD-202980,USER-102980,2025-03-22 21:00:00,139.64,Mobile,France,2
ORD-202992,USER-102992,2025-02-21 20:00:00,94.38,Mobile,India,6
ORD-203000,USER-103000,2025-03-31 16:00:00,90.26,Mobile,United Kingdom,6
ORD-203008,USER-103008,2025-02-20 09:00:00,226.25,Mobile,India,4
ORD-203014,USER-103014,2025-01-22 16:00:00,107.04,Mobile,United Kingdom,6
ORD-203022,USER-103022,2025-01-28 10:00:00,142.36,Mobile,Germany,5
ORD-203038,USER-103038,2025-02-15 11:00:00,63.48,Tablet,United Kingdom,2
ORD-203044,USER-103044,2025-01-24 12:00:00,65.65,Mobile,United Kingdom,6
ORD-203045,USER-103045,2025-03-09 17:00:00,206.17,Mobile,United Kingdom,5
ORD-203049,USER-103049,2025-02-08 16:00:00,85.07,Mobile,United States,5
ORD-203056,USER-103056,2025-01-23 19:00:00,74.3,Desktop,United States,5
ORD-203061,USER-103061,2025-03-15 21:00:00,64.37,Mobile,France,3
ORD-203073,USER-103073,2025-02-03 16:00:00,159.67,Mobile,United Kingdom,2
ORD-203083,USER-103083,2025-03-02 10:00:00,103.61,Tablet,United Kingdom,2
ORD-203084,USER-103084,2025-03-08 12:00:00,157.38,Mobile,United States,1
ORD-203087,USER-103087,2025-02-05 10:00:00,99.17,Desktop,United States,3
ORD-203091,USER-103091,2025-02-26 10:00:00,131.55,Desktop,France,6
ORD-203096,USER-103096,2025-01-30 17:00:00,209.66,Desktop,United States,3
ORD-203100,USER-103100,2025-02-27 10:00:00,206.43,Desktop,United States,3
ORD-203101,USER-103101,2025-02-09 20:00:00,80.65,Desktop,India,4
ORD-203108,USER-103108,2025-01-26 21:00:00,86.57,Desktop,France,8
ORD-203109,USER-103109,2025-03-29 09:00:00,60.22,Desktop,United Kingdom,2
ORD-203113,USER-103113,2025-03-04 11:00:00,33.31,Mobile,Canada,6
ORD-203133,USER-103133,2025-01-29 15:00:00,47.62,Mobile,India,3
ORD-203138,USER-103138,2025-01-23 14:00:00,69.03,Mobile,United Kingdom,7
ORD-203145,USER-103145,2025-03-25 20:00:00,152.24,Desktop,United Kingdom,3
ORD-203151,USER-103151,2025-03-20 13:00:00,98.73,Mobile,India,5
ORD-203159,USER-103159,2025-03-11 18:00:00,305.51,Mobile,United Kingdom,8
ORD-203160,USER-103160,2025-02-16 19:00:00,106.46,Mobile,Germany,3
ORD-203167,USER-103167,2025-02-15 15:00:00,128.87,Mobile,United Kingdom,5
ORD-203176,USER-103176,2025-02-21 17:00:00,229.56,Mobile,United Kingdom,6
ORD-203177,USER-103177,2025-02-20 09:00:00,213.55,Mobile,India,4
ORD-203178,USER-103178,2025-02-16 20:00:00,82.22,Desktop,United Kingdom,3
ORD-203181,USER-103181,2025-02-13 22:00:00,125.31,Mobile,United Kingdom,1
ORD-203191,USER-103191,2025-03-04 19:00:00,198.14,Desktop,India,6
ORD-203203,USER-103203,2025-01-23 09:00:00,187.7,Mobile,Australia,3
ORD-203205,USER-103205,2025-02-21 09:00:00,67.95,Mobile,United Kingdom,7
ORD-203214,USER-103214,2025-02-23 22:00:00,47.06,Desktop,Australia,1
ORD-203215,USER-103215,2025-02-20 22:00:00,39.54,Mobile,United Kingdom,4
ORD-203220,USER-103220,2025-03-22 10:00:00,86.96,Mobile,United States,7
ORD-203230,USER-103230,2025-03-14 15:00:00,29.44,Desktop,Canada,5
ORD-203232,USER-103232,2025-03-19 11:00:00,162.04,Mobile,Germany,7
ORD-203241,USER-103241,2025-01-27 15:00:00,149.68,Desktop,United Kingdom,3
ORD-203245,USER-103245,2025-02-10 10:00:00,66.25,Tablet,France,5
ORD-203254,USER-103254,2025-01-02 22:00:00,141.68,Desktop,United Kingdom,1
ORD-203258,USER-103258,2025-02-22 21:00:00,128.31,Mobile,Germany,2
ORD-203263,USER-103263,2025-01-25 14:00:00,206.55,Mobile,Australia,3
ORD-203278,USER-103278,2025-02-28 14:00:00,35.48,Tablet,United Kingdom,4
ORD-203284,USER-103284,2025-02-18 13:00:00,75.18,Mobile,India,2
ORD-203294,USER-103294,2025-01-22 17:00:00,77.31,Mobile,France,5
ORD-203300,USER-103300,2025-01-22 20:00:00,121.19,Desktop,United Kingdom,6
ORD-203303,USER-103303,2025-03-27 12:00:00,25.67,Tablet,United Kingdom,3
ORD-203306,USER-103306,2025-02-04 09:00:00,22.86,Mobile,Germany,1
ORD-203309,USER-103309,2025-03-05 11:00:00,51.25,Mobile,France,6
ORD-203324,USER-103324,2025-01-24 15:00:00,73.36,Desktop,United Kingdom,2
ORD-203325,USER-103325,2025-02-04 12:00:00,107.92,Mobile,United Kingdom,1
ORD-203331,USER-103331,2025-02-11 10:00:00,25.07,Mobile,United Kingdom,4
ORD-203332,USER-103332,2025-01-27 09:00:00,62.16,Mobile,India,2
ORD-203338,USER-103338,2025-02-12 12:00:00,75.72,Desktop,India,3
ORD-203346,USER-103346,2025-02-11 15:00:00,126.11,Tablet,United Kingdom,6
ORD-203349,USER-103349,2025-03-04 17:00:00,87.17,Mobile,United Kingdom,1
ORD-203354,USER-103354,2025-02-14 10:00:00,22.36,Mobile,United Kingdom,5
ORD-203356,USER-103356,2025-02-21 17:00:00,104.95,Desktop,United Kingdom,6
ORD-203358,USER-103358,2025-02-13 10:00:00,169.86,Desktop,Australia,1
ORD-203366,USER-103366,2025-02-06 09:00:00,52.94,Desktop,India,2
ORD-203368,USER-103368,2025-03-06 17:00:00,72.12,Mobile,United States,4
ORD-203370,USER-103370,2025-04-04 14:00:00,164.97,Mobile,United Kingdom,5
ORD-203372,USER-103372,2025-03-10 12:00:00,164.51,Mobile,France,2
ORD-203374,USER-103374,2025-02-12 16:00:00,192.17,Desktop,United Kingdom,4
ORD-203377,USER-103377,2025-01-21 10:00:00,93.62,Mobile,United States,4
ORD-203378,USER-103378,2025-01-03 11:00:00,30.1,Desktop,United Kingdom,5
ORD-203379,USER-103379,2025-01-24 15:00:00,31.56,Tablet,Germany,6
ORD-203380,USER-103380,2025-02-14 17:00:00,47.42,Mobile,United Kingdom,2
ORD-203382,USER-103382,2025-03-22 18:00:00,113.01,Mobile,United Kingdom,3
ORD-203384,USER-103384,2025-01-16 11:00:00,126.8,Mobile,United Kingdom,4
ORD-203396,USER-103396,2025-04-03 20:00:00,106.81,Mobile,United Kingdom,8
ORD-203403,USER-103403,2025-02-10 11:00:00,20.7,Mobile,United Kingdom,5
ORD-203408,USER-103408,2025-02-19 09:00:00,185.49,Tablet,United States,5
ORD-203411,USER-103411,2025-02-08 17:00:00,84.2,Tablet,United Kingdom,6
ORD-203416,USER-103416,2025-02-15 19:00:00,27.01,Mobile,France,1
ORD-203419,USER-103419,2025-03-15 13:00:00,93.14,Desktop,United States,5
ORD-203423,USER-103423,2025-03-27 17:00:00,82.73,Mobile,United Kingdom,5
ORD-203426,USER-103426,2025-03-02 18:00:00,150.18,Mobile,United Kingdom,6
ORD-203428,USER-103428,2025-03-22 20:00:00,83.33,Desktop,United States,2
ORD-203429,USER-103429,2025-02-04 20:00:00,151.96,Mobile,France,2
ORD-203433,USER-103433,2025-03-28 09:00:00,61.83,Mobile,Germany,3
ORD-203436,USER-103436,2025-03-23 17:00:00,92.24,Mobile,India,4
ORD-203438,USER-103438,2025-03-02 14:00:00,51.78,Mobile,Canada,3
ORD-203439,USER-103439,2025-03-04 12:00:00,19.44,Tablet,United Kingdom,1
ORD-203440,USER-103440,2025-02-23 18:00:00,120.52,Mobile,United Kingdom,5
ORD-203447,USER-103447,2025-02-23 15:00:00,228.0,Mobile,United Kingdom,4
ORD-203448,USER-103448,2025-02-19 10:00:00,30.12,Mobile,United States,2
ORD-203449,USER-103449,2025-03-23 18:00:00,113.62,Tablet,Australia,5
ORD-203454,USER-103454,2025-02-08 22:00:00,56.1,Mobile,United Kingdom,6
ORD-203455,USER-103455,2025-03-11 19:00:00,22.94,Mobile,India,4
ORD-203458,USER-103458,2025-01-26 21:00:00,94.71,Mobile,United States,5
ORD-203460,USER-103460,2025-02-26 12:00:00,151.46,Desktop,United Kingdom,4
ORD-203463,USER-103463,2025-02-01 15:00:00,168.53,Mobile,United Kingdom,2
ORD-203467,USER-103467,2025-01-22 10:00:00,104.59,Desktop,Canada,2
ORD-203468,USER-103468,2025-02-28 18:00:00,363.26,Mobile,Germany,3
ORD-203472,USER-103472,2025-03-30 15:00:00,162.44,Mobile,India,3
ORD-203479,USER-103479,2025-03-28 19:00:00,43.26,Desktop,India,5
ORD-203484,USER-103484,2025-03-22 11:00:00,89.48,Desktop,United Kingdom,5
ORD-203489,USER-103489,2025-01-29 13:00:00,88.78,Mobile,United Kingdom,3
ORD-203501,USER-103501,2025-02-08 18:00:00,91.54,Tablet,Canada,2
ORD-203509,USER-103509,2025-02-04 15:00:00,72.54,Desktop,United States,6
ORD-203518,USER-103518,2025-03-25 17:00:00,157.57,Desktop,United Kingdom,3
ORD-203526,USER-103526,2025-02-25 15:00:00,82.97,Mobile,Canada,1
ORD-203529,USER-103529,2025-01-20 22:00:00,29.28,Desktop,United States,3
ORD-203533,USER-103533,2025-02-06 09:00:00,31.07,Desktop,India,3
ORD-203535,USER-103535,2025-03-12 19:00:00,225.95,Desktop,United Kingdom,4
ORD-203536,USER-103536,2025-03-31 11:00:00,74.31,Desktop,Germany,3
ORD-203537,USER-103537,2025-01-30 21:00:00,143.52,Mobile,Australia,8
ORD-203555,USER-103555,2025-02-16 10:00:00,75.96,Desktop,Australia,1
ORD-203557,USER-103557,2025-03-19 10:00:00,204.89,Mobile,United States,3
ORD-203560,USER-103560,2025-01-30 12:00:00,41.88,Mobile,India,5
ORD-203561,USER-103561,2025-01-21 15:00:00,163.17,Mobile,Germany,7
ORD-203562,USER-103562,2025-02-02 12:00:00,76.73,Mobile,United Kingdom,6
ORD-203563,USER-103563,2025-02-09 19:00:00,62.78,Tablet,Canada,3
ORD-203576,USER-103576,2025-02-11 17:00:00,86.18,Desktop,Australia,1
ORD-203581,USER-103581,2025-03-07 12:00:00,128.97,Desktop,India,2
ORD-203582,USER-103582,2025-01-23 20:00:00,376.11,Mobile,India,6
ORD-203584,USER-103584,2025-02-13 09:00:00,105.24,Mobile,United States,1
ORD-203594,USER-103594,2025-02-23 12:00:00,117.74,Mobile,United States,1
ORD-203607,USER-103607,2025-03-19 18:00:00,117.56,Mobile,United States,5
ORD-203610,USER-103610,2025-03-14 15:00:00,74.4,Desktop,United Kingdom,1
ORD-203617,USER-103617,2025-02-24 13:00:00,104.07,Mobile,India,1
ORD-203619,USER-103619,2025-01-31 17:00:00,54.41,Mobile,France,3
ORD-203623,USER-103623,2025-03-16 10:00:00,51.48,Mobile,United Kingdom,5
ORD-203628,USER-103628,2025-01-18 20:00:00,109.58,Mobile,Germany,6
ORD-203634,USER-103634,2025-03-09 09:00:00,56.79,Desktop,Canada,4
ORD-203649,USER-103649,2025-03-11 13:00:00,132.24,Tablet,Australia,6
ORD-203650,USER-103650,2025-01-18 10:00:00,42.42,Desktop,United Kingdom,3
ORD-203661,USER-103661,2025-04-03 14:00:00,146.67,Desktop,United States,6
ORD-203664,USER-103664,2025-02-12 12:00:00,38.13,Mobile,United Kingdom,4
ORD-203672,USER-103672,2025-03-13 12:00:00,133.23,Mobile,United Kingdom,2
ORD-203676,USER-103676,2025-03-04 19:00:00,264.1,Mobile,Canada,4
ORD-203678,USER-103678,2025-03-03 17:00:00,124.72,Mobile,Canada,8
ORD-203683,USER-103683,2025-02-01 10:00:00,87.73,Mobile,United Kingdom,3
ORD-203685,USER-103685,2025-02-24 16:00:00,313.95,Mobile,United Kingdom,2
ORD-203686,USER-103686,2025-01-28 21:00:00,43.92,Desktop,United Kingdom,4
ORD-203688,USER-103688,2025-03-05 22:00:00,168.2,Mobile,United States,5
ORD-203692,USER-103692,2025-03-28 17:00:00,88.02,Mobile,France,5
ORD-203701,USER-103701,2025-03-21 18:00:00,242.52,Mobile,United Kingdom,6
ORD-203705,USER-103705,2025-02-15 22:00:00,29.32,Mobile,India,5
ORD-203706,USER-103706,2025-02-27 12:00:00,25.22,Mobile,United Kingdom,3
ORD-203708,USER-103708,2025-02-28 10:00:00,172.93,Mobile,United Kingdom,5
ORD-203710,USER-103710,2025-02-26 22:00:00,285.75,Mobile,United States,3
ORD-203713,USER-103713,2025-02-19 20:00:00,259.19,Mobile,United Kingdom,5
ORD-203716,USER-103716,2025-03-07 15:00:00,86.41,Desktop,France,5
ORD-203718,USER-103718,2025-04-01 13:00:00,154.27,Desktop,United Kingdom,2
ORD-203719,USER-103719,2025-02-28 09:00:00,33.04,Mobile,United Kingdom,4
ORD-203720,USER-103720,2025-02-15 19:00:00,97.73,Desktop,France,5
ORD-203725,USER-103725,2025-03-10 11:00:00,56.9,Desktop,United Kingdom,1
ORD-203742,USER-103742,2025-02-11 16:00:00,117.45,Mobile,United Kingdom,5
ORD-203754,USER-103754,2025-01-21 17:00:00,55.55,Desktop,United Kingdom,7
ORD-203755,USER-103755,2025-03-02 22:00:00,148.61,Mobile,United Kingdom,3
ORD-203762,USER-103762,2025-03-21 20:00:00,75.92,Mobile,Germany,5
ORD-203763,USER-103763,2025-03-16 16:00:00,94.29,Mobile,Germany,2
ORD-203769,USER-103769,2025-03-18 12:00:00,21.89,Mobile,United Kingdom,3
ORD-203775,USER-103775,2025-03-04 22:00:00,142.39,Mobile,United Kingdom,6
ORD-203776,USER-103776,2025-02-01 14:00:00,43.57,Tablet,United Kingdom,5
ORD-203779,USER-103779,2025-02-20 21:00:00,29.21,Mobile,India,3
ORD-203781,USER-103781,2025-02-19 15:00:00,102.44,Tablet,United Kingdom,1
ORD-203783,USER-103783,2025-02-21 22:00:00,47.37,Mobile,India,4
ORD-203786,USER-103786,2025-02-24 15:00:00,99.28,Mobile,France,5
ORD-203802,USER-103802,2025-02-27 11:00:00,195.61,Mobile,India,6
ORD-203804,USER-103804,2025-03-31 15:00:00,42.03,Mobile,United Kingdom,2
ORD-203805,USER-103805,2025-02-24 09:00:00,54.25,Desktop,United Kingdom,2
ORD-203809,USER-103809,2025-01-08 11:00:00,49.76,Mobile,United Kingdom,3
ORD-203813,USER-103813,2025-03-30 11:00:00,57.25,Mobile,Canada,4
ORD-203817,USER-103817,2025-02-25 22:00:00,47.68,Desktop,United States,3
ORD-203818,USER-103818,2025-03-09 11:00:00,358.84,Desktop,Australia,5
ORD-203819,USER-103819,2025-03-21 21:00:00,146.18,Mobile,Germany,3
ORD-203824,USER-103824,2025-03-21 20:00:00,154.93,Mobile,United Kingdom,6
ORD-203836,USER-103836,2025-03-04 19:00:00,81.42,Mobile,United States,3
ORD-203837,USER-103837,2025-03-31 16:00:00,70.02,Tablet,United Kingdom,2
ORD-203841,USER-103841,2025-02-08 21:00:00,77.0,Mobile,Canada,2
ORD-203844,USER-103844,2025-01-22 16:00:00,144.21,Mobile,India,2
ORD-203847,USER-103847,2025-03-26 14:00:00,106.61,Mobile,India,1
ORD-203856,USER-103856,2025-03-22 11:00:00,71.53,Mobile,United Kingdom,3
ORD-203862,USER-103862,2025-03-13 15:00:00,48.2,Mobile,India,6
ORD-203864,USER-103864,2025-04-04 21:00:00,62.73,Mobile,United Kingdom,6
ORD-203865,USER-103865,2025-04-01 13:00:00,66.82,Desktop,Germany,5
ORD-203867,USER-103867,2025-03-28 20:00:00,176.22,Desktop,United Kingdom,6
ORD-203871,USER-103871,2025-03-09 11:00:00,80.84,Tablet,United Kingdom,5
ORD-203876,USER-103876,2025-03-15 15:00:00,132.52,Mobile,United Kingdom,1
ORD-203879,USER-103879,2025-03-19 17:00:00,112.24,Mobile,United Kingdom,3
ORD-203880,USER-103880,2025-01-25 17:00:00,52.01,Mobile,United Kingdom,6
ORD-203884,USER-103884,2025-02-09 10:00:00,38.84,Desktop,India,6
ORD-203905,USER-103905,2025-02-19 21:00:00,64.19,Desktop,Canada,3
ORD-203906,USER-103906,2025-03-14 09:00:00,92.92,Mobile,United States,2
ORD-203909,USER-103909,2025-03-06 18:00:00,81.44,Desktop,United Kingdom,2
ORD-203912,USER-103912,2025-01-26 11:00:00,19.44,Desktop,United Kingdom,2
ORD-203914,USER-103914,2025-03-28 14:00:00,76.28,Mobile,Canada,3
ORD-203917,USER-103917,2025-02-18 11:00:00,225.07,Mobile,United Kingdom,5
ORD-203919,USER-103919,2025-02-01 20:00:00,62.24,Desktop,United Kingdom,3
ORD-203923,USER-103923,2025-03-01 16:00:00,55.89,Desktop,United Kingdom,2
ORD-203927,USER-103927,2025-02-15 21:00:00,29.65,Mobile,United Kingdom,6
ORD-203938,USER-103938,2025-01-20 18:00:00,53.97,Mobile,United States,1
ORD-203939,USER-103939,2025-03-25 15:00:00,207.78,Desktop,United States,2
ORD-203949,USER-103949,2025-03-09 17:00:00,187.35,Mobile,United Kingdom,1
ORD-203953,USER-103953,2025-03-23 16:00:00,133.45,Desktop,United Kingdom,3
ORD-203965,USER-103965,2025-01-29 16:00:00,219.89,Mobile,United Kingdom,4
ORD-203966,USER-103966,2025-02-04 15:00:00,76.03,Desktop,India,8
ORD-203972,USER-103972,2025-03-11 11:00:00,79.54,Mobile,India,2
ORD-203979,USER-103979,2025-01-25 14:00:00,90.55,Mobile,United Kingdom,2
ORD-203984,USER-103984,2025-02-18 17:00:00,118.34,Mobile,India,5
ORD-203987,USER-103987,2025-03-21 18:00:00,106.39,Mobile,United Kingdom,5
ORD-203989,USER-103989,2025-03-14 15:00:00,27.13,Mobile,United Kingdom,1
ORD-203991,USER-103991,2025-03-05 13:00:00,192.49,Mobile,India,3
ORD-204005,USER-104005,2025-02-11 17:00:00,141.87,Mobile,France,4
ORD-204007,USER-104007,2025-02-05 16:00:00,117.11,Desktop,United Kingdom,2
ORD-204008,USER-104008,2025-02-03 16:00:00,158.91,Mobile,Germany,5
ORD-204017,USER-104017,2025-02-13 20:00:00,98.01,Mobile,France,4
ORD-204018,USER-104018,2025-01-23 09:00:00,202.95,Tablet,United Kingdom,2
ORD-204033,USER-104033,2025-02-25 12:00:00,143.84,Mobile,France,7
ORD-204042,USER-104042,2025-03-15 22:00:00,130.0,Mobile,United Kingdom,1
ORD-204048,USER-104048,2025-02-12 12:00:00,209.5,Mobile,Germany,2
ORD-204049,USER-104049,2025-02-24 22:00:00,73.8,Mobile,Canada,2
ORD-204055,USER-104055,2025-02-27 20:00:00,53.29,Tablet,United Kingdom,2
ORD-204057,USER-104057,2025-02-06 11:00:00,141.11,Desktop,United Kingdom,3
ORD-204062,USER-104062,2025-01-23 18:00:00,111.6,Desktop,United Kingdom,3
ORD-204066,USER-104066,2025-03-10 22:00:00,111.52,Mobile,Germany,5
ORD-204068,USER-104068,2025-02-07 11:00:00,26.15,Mobile,United Kingdom,6
ORD-204076,USER-104076,2025-03-12 17:00:00,289.89,Mobile,India,2
ORD-204109,USER-104109,2025-03-02 12:00:00,114.6,Mobile,India,5
ORD-204113,USER-104113,2025-01-30 09:00:00,34.14,Desktop,Australia,2
ORD-204115,USER-104115,2025-01-21 17:00:00,96.53,Mobile,United Kingdom,1
ORD-204118,USER-104118,2025-03-20 19:00:00,116.85,Mobile,Australia,2
ORD-204141,USER-104141,2025-02-28 13:00:00,23.19,Mobile,United Kingdom,1
ORD-204146,USER-104146,2025-01-17 18:00:00,174.56,Desktop,United Kingdom,6
ORD-204151,USER-104151,2025-02-05 14:00:00,127.96,Desktop,United Kingdom,8
ORD-204155,USER-104155,2025-03-21 21:00:00,137.29,Mobile,Canada,2
ORD-204172,USER-104172,2025-03-18 09:00:00,84.11,Mobile,United Kingdom,3
ORD-204179,USER-104179,2025-03-03 20:00:00,63.58,Desktop,United Kingdom,3
ORD-204180,USER-104180,2025-01-18 19:00:00,59.64,Mobile,United Kingdom,2
ORD-204181,USER-104181,2025-02-27 17:00:00,102.11,Desktop,United Kingdom,1
ORD-204186,USER-104186,2025-02-04 15:00:00,93.39,Mobile,United Kingdom,5
ORD-204193,USER-104193,2025-03-14 09:00:00,72.86,Desktop,India,1
ORD-204206,USER-104206,2025-02-09 13:00:00,88.4,Desktop,Germany,4
ORD-204210,USER-104210,2025-01-22 10:00:00,115.63,Mobile,France,3
ORD-204211,USER-104211,2025-04-04 21:00:00,70.43,Mobile,Germany,4
ORD-204229,USER-104229,2025-02-04 16:00:00,80.01,Mobile,United Kingdom,4
ORD-204235,USER-104235,2025-03-24 20:00:00,156.06,Tablet,Canada,3
ORD-204237,USER-104237,2025-02-27 22:00:00,46.19,Mobile,United Kingdom,3
ORD-204241,USER-104241,2025-03-19 12:00:00,122.11,Desktop,Canada,1
ORD-204247,USER-104247,2025-01-23 10:00:00,128.9,Mobile,United States,3
ORD-204256,USER-104256,2025-03-11 15:00:00,230.8,Mobile,United Kingdom,4
ORD-204260,USER-104260,2025-03-25 17:00:00,89.02,Desktop,France,7
ORD-204265,USER-104265,2025-03-11 21:00:00,40.68,Mobile,France,2
ORD-204269,USER-104269,2025-02-14 14:00:00,89.52,Mobile,United Kingdom,1
ORD-204280,USER-104280,2025-03-17 20:00:00,86.62,Mobile,United Kingdom,4
ORD-204284,USER-104284,2025-01-28 17:00:00,101.54,Mobile,United Kingdom,4
ORD-204285,USER-104285,2025-01-23 12:00:00,46.89,Mobile,United Kingdom,4
ORD-204286,USER-104286,2025-01-22 10:00:00,27.94,Mobile,United Kingdom,3
ORD-204287,USER-104287,2025-02-19 16:00:00,151.19,Desktop,United Kingdom,6
ORD-204297,USER-104297,2025-01-29 11:00:00,97.83,Tablet,United Kingdom,2
ORD-204300,USER-104300,2025-03-05 14:00:00,116.9,Mobile,Germany,5
ORD-204302,USER-104302,2025-03-30 16:00:00,22.94,Desktop,United States,3
ORD-204313,USER-104313,2025-01-31 16:00:00,18.0,Desktop,India,1
ORD-204314,USER-104314,2025-02-07 15:00:00,146.35,Mobile,United Kingdom,3
ORD-204315,USER-104315,2025-03-11 10:00:00,71.15,Desktop,United Kingdom,3
ORD-204322,USER-104322,2025-03-24 22:00:00,117.98,Tablet,United Kingdom,5
ORD-204324,USER-104324,2025-01-26 14:00:00,32.08,Mobile,United Kingdom,1
ORD-204330,USER-104330,2025-02-16 19:00:00,166.52,Mobile,United States,3
ORD-204331,USER-104331,2025-02-17 21:00:00,52.1,Mobile,United Kingdom,2
ORD-204332,USER-104332,2025-03-21 10:00:00,198.3,Desktop,India,5
ORD-204334,USER-104334,2025-03-24 17:00:00,80.21,Tablet,Germany,5
ORD-204338,USER-104338,2025-02-09 17:00:00,112.99,Tablet,Germany,5
ORD-204343,USER-104343,2025-03-22 11:00:00,86.63,Mobile,United States,5
ORD-204347,USER-104347,2025-01-30 09:00:00,36.66,Mobile,United States,5
ORD-204358,USER-104358,2025-02-12 21:00:00,118.03,Mobile,India,2
ORD-204362,USER-104362,2025-03-22 16:00:00,46.1,Desktop,France,1
ORD-204363,USER-104363,2025-03-07 16:00:00,98.61,Desktop,United Kingdom,6
ORD-204371,USER-104371,2025-01-23 16:00:00,121.52,Tablet,United States,1
ORD-204375,USER-104375,2025-03-17 11:00:00,162.67,Desktop,United Kingdom,2
ORD-204376,USER-104376,2025-01-27 12:00:00,63.39,Desktop,United Kingdom,3
ORD-204378,USER-104378,2025-01-23 22:00:00,179.95,Mobile,Germany,4
ORD-204384,USER-104384,2025-03-05 20:00:00,73.1,Mobile,France,8
ORD-204388,USER-104388,2025-03-08 13:00:00,162.02,Tablet,India,4
ORD-204392,USER-104392,2025-01-27 10:00:00,116.32,Mobile,Canada,5
ORD-204406,USER-104406,2025-01-25 15:00:00,40.38,Mobile,United States,4
ORD-204407,USER-104407,2025-03-16 17:00:00,396.03,Mobile,India,3
ORD-204411,USER-104411,2025-02-12 13:00:00,160.77,Desktop,France,6
ORD-204412,USER-104412,2025-01-11 15:00:00,93.14,Mobile,United Kingdom,2
ORD-204413,USER-104413,2025-03-06 15:00:00,115.21,Desktop,Australia,5
ORD-204417,USER-104417,2025-01-20 16:00:00,50.1,Desktop,India,2
ORD-204421,USER-104421,2025-01-21 13:00:00,242.81,Mobile,United States,4
ORD-204435,USER-104435,2025-02-19 13:00:00,146.62,Mobile,United Kingdom,7
ORD-204441,USER-104441,2025-01-16 11:00:00,62.77,Desktop,United Kingdom,6
ORD-204460,USER-104460,2025-02-10 09:00:00,237.47,Desktop,Canada,3
ORD-204467,USER-104467,2025-03-09 11:00:00,28.27,Mobile,United States,2
ORD-204468,USER-104468,2025-03-03 16:00:00,82.76,Mobile,India,6
ORD-204474,USER-104474,2025-03-05 12:00:00,86.73,Mobile,United Kingdom,2
ORD-204477,USER-104477,2025-04-05 20:00:00,74.6,Mobile,Canada,6
ORD-204478,USER-104478,2025-01-30 15:00:00,42.36,Mobile,Australia,3
ORD-204484,USER-104484,2025-02-07 12:00:00,80.32,Mobile,United States,4
ORD-204487,USER-104487,2025-02-03 15:00:00,121.1,Mobile,United Kingdom,5
ORD-204492,USER-104492,2025-01-21 12:00:00,150.7,Mobile,United Kingdom,1
ORD-204502,USER-104502,2025-03-16 21:00:00,92.82,Tablet,India,7
ORD-204507,USER-104507,2025-03-23 12:00:00,138.43,Desktop,United Kingdom,1
ORD-204533,USER-104533,2025-01-27 11:00:00,239.88,Desktop,United Kingdom,7
ORD-204535,USER-104535,2025-01-25 16:00:00,139.77,Mobile,United States,6
ORD-204536,USER-104536,2025-02-21 12:00:00,183.87,Mobile,United Kingdom,4
ORD-204542,USER-104542,2025-02-09 11:00:00,70.95,Mobile,India,3
ORD-204544,USER-104544,2025-02-11 10:00:00,26.38,Mobile,United States,6
ORD-204545,USER-104545,2025-02-16 09:00:00,38.62,Mobile,United States,5
ORD-204549,USER-104549,2025-03-21 11:00:00,50.13,Mobile,United Kingdom,1
ORD-204553,USER-104553,2025-01-24 09:00:00,67.94,Desktop,Germany,4
ORD-204557,USER-104557,2025-03-15 21:00:00,72.41,Mobile,Canada,6
ORD-204570,USER-104570,2025-04-03 13:00:00,120.84,Mobile,United Kingdom,2
ORD-204575,USER-104575,2025-01-27 20:00:00,76.9,Mobile,United Kingdom,4
ORD-204609,USER-104609,2025-01-21 21:00:00,100.87,Mobile,India,4
ORD-204611,USER-104611,2025-02-19 12:00:00,80.27,Mobile,United Kingdom,5
ORD-204612,USER-104612,2025-02-19 20:00:00,67.09,Mobile,United Kingdom,2
ORD-204616,USER-104616,2025-02-05 14:00:00,305.2,Mobile,United Kingdom,3
ORD-204618,USER-104618,2025-03-11 17:00:00,110.92,Mobile,Australia,4
ORD-204622,USER-104622,2025-03-09 20:00:00,157.29,Tablet,Australia,4
ORD-204626,USER-104626,2025-03-22 16:00:00,77.28,Desktop,France,3
ORD-204627,USER-104627,2025-03-11 20:00:00,153.65,Mobile,France,4
ORD-204629,USER-104629,2025-02-18 13:00:00,100.47,Mobile,United Kingdom,4
ORD-204635,USER-104635,2025-03-16 22:00:00,70.88,Mobile,United Kingdom,3
ORD-204641,USER-104641,2025-02-21 21:00:00,40.17,Tablet,United Kingdom,3
ORD-204645,USER-104645,2025-02-23 10:00:00,80.88,Desktop,United Kingdom,4
ORD-204646,USER-104646,2025-03-20 09:00:00,81.53,Desktop,India,1
ORD-204648,USER-104648,2025-01-13 22:00:00,81.6,Tablet,India,2
ORD-204651,USER-104651,2025-02-25 11:00:00,127.82,Desktop,United Kingdom,8
ORD-204656,USER-104656,2025-03-26 09:00:00,142.83,Desktop,Germany,5
ORD-204659,USER-104659,2025-02-26 12:00:00,22.46,Tablet,India,2
ORD-204663,USER-104663,2025-03-13 20:00:00,33.09,Mobile,United Kingdom,4
ORD-204668,USER-104668,2025-03-19 19:00:00,71.1,Tablet,United Kingdom,2
ORD-204671,USER-104671,2025-02-06 13:00:00,71.45,Tablet,India,5
ORD-204673,USER-104673,2025-04-02 16:00:00,47.03,Mobile,France,1
ORD-204676,USER-104676,2025-02-01 11:00:00,53.44,Mobile,Australia,4
ORD-204679,USER-104679,2025-01-26 16:00:00,31.55,Mobile,United Kingdom,2
ORD-204686,USER-104686,2025-01-18 11:00:00,20.7,Desktop,Germany,2
ORD-204691,USER-104691,2025-02-19 21:00:00,64.53,Mobile,France,2
ORD-204695,USER-104695,2025-02-18 20:00:00,116.48,Mobile,United Kingdom,2
ORD-204701,USER-104701,2025-01-31 18:00:00,44.85,Mobile,India,1
ORD-204702,USER-104702,2025-03-18 13:00:00,44.4,Desktop,Australia,3
ORD-204704,USER-104704,2025-02-20 15:00:00,159.68,Mobile,United Kingdom,5
ORD-204707,USER-104707,2025-03-04 11:00:00,135.17,Desktop,United States,2
ORD-204716,USER-104716,2025-03-20 09:00:00,230.83,Mobile,United Kingdom,6
ORD-204717,USER-104717,2025-03-31 09:00:00,131.77,Mobile,United Kingdom,6
ORD-204719,USER-104719,2025-02-01 15:00:00,43.0,Mobile,United Kingdom,3
ORD-204720,USER-104720,2025-01-23 19:00:00,70.61,Desktop,United Kingdom,6
ORD-204725,USER-104725,2025-02-25 13:00:00,38.56,Mobile,United Kingdom,3
ORD-204731,USER-104731,2025-03-07 16:00:00,128.72,Mobile,Canada,6
ORD-204732,USER-104732,2025-01-14 15:00:00,62.98,Desktop,India,2
ORD-204734,USER-104734,2025-03-01 12:00:00,69.47,Mobile,United States,5
ORD-204735,USER-104735,2025-03-27 19:00:00,177.7,Tablet,United Kingdom,4
ORD-204747,USER-104747,2025-02-05 21:00:00,118.24,Desktop,Canada,3
ORD-204756,USER-104756,2025-02-16 17:00:00,158.29,Desktop,Canada,7
ORD-204763,USER-104763,2025-02-10 13:00:00,42.41,Mobile,United Kingdom,1
ORD-204767,USER-104767,2025-03-18 17:00:00,30.29,Mobile,United Kingdom,3
ORD-204770,USER-104770,2025-02-05 21:00:00,159.13,Mobile,Canada,6
ORD-204776,USER-104776,2025-03-14 18:00:00,70.58,Mobile,United Kingdom,7
ORD-204778,USER-104778,2025-02-22 15:00:00,101.7,Mobile,India,3
ORD-204786,USER-104786,2025-02-20 19:00:00,45.07,Mobile,United Kingdom,1
ORD-204797,USER-104797,2025-03-19 12:00:00,110.28,Tablet,United Kingdom,4
ORD-204802,USER-104802,2025-03-24 13:00:00,44.76,Mobile,France,3
ORD-204804,USER-104804,2025-02-25 15:00:00,157.81,Mobile,Canada,5
ORD-204806,USER-104806,2025-01-30 10:00:00,101.79,Desktop,Canada,8
ORD-204810,USER-104810,2025-04-01 13:00:00,49.85,Mobile,India,3
ORD-204812,USER-104812,2025-01-27 18:00:00,64.14,Mobile,Canada,5
ORD-204818,USER-104818,2025-03-23 19:00:00,81.41,Mobile,India,3
ORD-204819,USER-104819,2025-01-30 10:00:00,159.97,Mobile,Canada,2
ORD-204823,USER-104823,2025-02-14 19:00:00,68.08,Desktop,United Kingdom,3
ORD-204826,USER-104826,2025-04-03 13:00:00,99.21,Desktop,France,7
ORD-204829,USER-104829,2025-03-12 19:00:00,217.51,Desktop,Canada,4
ORD-204833,USER-104833,2025-02-07 15:00:00,81.8,Mobile,Australia,3
ORD-204836,USER-104836,2025-01-22 18:00:00,75.0,Desktop,United Kingdom,6
ORD-204844,USER-104844,2025-04-02 21:00:00,252.0,Mobile,Canada,7
ORD-204846,USER-104846,2025-01-29 09:00:00,142.14,Mobile,United Kingdom,1
ORD-204856,USER-104856,2025-01-25 22:00:00,117.17,Mobile,India,6
ORD-204857,USER-104857,2025-03-14 16:00:00,82.46,Mobile,United States,4
ORD-204865,USER-104865,2025-03-10 21:00:00,158.35,Mobile,Germany,2
ORD-204872,USER-104872,2025-01-17 20:00:00,102.37,Desktop,United Kingdom,5
ORD-204875,USER-104875,2025-03-11 15:00:00,146.22,Tablet,India,6
ORD-204877,USER-104877,2025-01-24 14:00:00,59.93,Mobile,United States,5
ORD-204879,USER-104879,2025-02-02 22:00:00,131.75,Mobile,India,4
ORD-204880,USER-104880,2025-01-27 21:00:00,119.08,Mobile,Germany,3
ORD-204884,USER-104884,2025-02-11 20:00:00,76.37,Desktop,Canada,2
ORD-204885,USER-104885,2025-02-17 15:00:00,47.22,Mobile,United States,6
ORD-204888,USER-104888,2025-03-24 21:00:00,62.8,Desktop,United Kingdom,4
ORD-204892,USER-104892,2025-01-15 15:00:00,51.0,Desktop,United Kingdom,1
ORD-204897,USER-104897,2025-03-18 13:00:00,124.62,Mobile,United Kingdom,4
ORD-204910,USER-104910,2025-01-21 10:00:00,148.39,Mobile,United Kingdom,3
ORD-204925,USER-104925,2025-02-02 19:00:00,47.95,Mobile,Germany,5
ORD-204926,USER-104926,2025-02-02 14:00:00,60.68,Tablet,India,2
ORD-204938,USER-104938,2025-03-06 12:00:00,146.48,Mobile,United Kingdom,4
ORD-204949,USER-104949,2025-03-17 16:00:00,151.56,Mobile,United Kingdom,3
ORD-204950,USER-104950,2025-01-21 20:00:00,79.11,Mobile,Canada,4
ORD-204952,USER-104952,2025-03-15 19:00:00,120.91,Desktop,India,6
ORD-204954,USER-104954,2025-02-10 16:00:00,145.19,Desktop,United States,3
ORD-204957,USER-104957,2025-01-10 12:00:00,208.48,Mobile,United Kingdom,4
ORD-204965,USER-104965,2025-03-15 17:00:00,143.33,Desktop,India,3
ORD-204972,USER-104972,2025-03-01 20:00:00,31.82,Mobile,Germany,3
ORD-204975,USER-104975,2025-01-14 13:00:00,56.82,Mobile,United Kingdom,2
ORD-204976,USER-104976,2025-03-10 22:00:00,222.24,Desktop,United Kingdom,5
ORD-204982,USER-104982,2025-04-03 10:00:00,31.02,Desktop,United States,7
ORD-204983,USER-104983,2025-01-25 16:00:00,62.31,Mobile,United Kingdom,7
ORD-205000,USER-105000,2025-02-14 12:00:00,196.31,Desktop,United States,3
ORD-205001,USER-105001,2025-03-18 13:00:00,130.32,Mobile,United Kingdom,4
ORD-205002,USER-105002,2025-01-12 21:00:00,101.35,Desktop,United Kingdom,1
ORD-205008,USER-105008,2025-03-28 12:00:00,298.78,Desktop,United Kingdom,5
ORD-205009,USER-105009,2025-01-30 21:00:00,96.61,Desktop,India,2
ORD-205010,USER-105010,2025-02-13 19:00:00,120.56,Desktop,United States,6
ORD-205011,USER-105011,2025-02-07 13:00:00,134.79,Mobile,United States,4
ORD-205012,USER-105012,2025-02-26 21:00:00,123.85,Mobile,France,6
ORD-205019,USER-105019,2025-03-30 22:00:00,18.0,Mobile,United States,4
ORD-205020,USER-105020,2025-02-07 16:00:00,68.4,Mobile,Australia,5
ORD-205022,USER-105022,2025-02-24 19:00:00,66.11,Desktop,Australia,2
ORD-205023,USER-105023,2025-03-03 11:00:00,91.9,Mobile,Australia,3
ORD-205029,USER-105029,2025-01-15 15:00:00,210.41,Mobile,Canada,2
ORD-205031,USER-105031,2025-01-29 15:00:00,98.38,Mobile,United States,4
ORD-205032,USER-105032,2025-03-18 20:00:00,39.94,Desktop,United States,5
ORD-205044,USER-105044,2025-02-08 22:00:00,121.49,Mobile,United Kingdom,1
ORD-205048,USER-105048,2025-02-09 19:00:00,35.26,Tablet,United States,8
ORD-205049,USER-105049,2025-03-29 19:00:00,153.37,Tablet,United Kingdom,4
ORD-205052,USER-105052,2025-03-23 20:00:00,40.23,Desktop,United Kingdom,3
ORD-205054,USER-105054,2025-02-15 16:00:00,170.58,Mobile,Canada,2
ORD-205061,USER-105061,2025-02-03 17:00:00,54.76,Desktop,United States,3
ORD-205064,USER-105064,2025-01-24 20:00:00,87.75,Desktop,United Kingdom,5
ORD-205086,USER-105086,2025-02-14 21:00:00,118.47,Tablet,Germany,2
ORD-205090,USER-105090,2025-03-03 16:00:00,122.96,Desktop,India,7
ORD-205091,USER-105091,2025-02-14 22:00:00,162.62,Tablet,United Kingdom,8
ORD-205093,USER-105093,2025-03-19 17:00:00,164.01,Desktop,United States,5
ORD-205098,USER-105098,2025-03-13 21:00:00,144.92,Mobile,United States,4
ORD-205100,USER-105100,2025-03-22 16:00:00,222.13,Mobile,United Kingdom,3
ORD-205111,USER-105111,2025-03-24 13:00:00,19.44,Mobile,United Kingdom,2
ORD-205114,USER-105114,2025-03-10 13:00:00,173.46,Mobile,United Kingdom,4
ORD-205117,USER-105117,2025-03-14 10:00:00,70.86,Mobile,India,5
ORD-205127,USER-105127,2025-03-14 09:00:00,280.48,Desktop,United States,5
ORD-205133,USER-105133,2025-01-31 17:00:00,254.22,Mobile,United States,3
ORD-205136,USER-105136,2025-03-08 18:00:00,169.2,Mobile,Canada,1
ORD-205152,USER-105152,2025-02-11 11:00:00,248.13,Desktop,United Kingdom,8
ORD-205156,USER-105156,2025-03-17 18:00:00,66.98,Mobile,United Kingdom,1
ORD-205162,USER-105162,2025-02-06 20:00:00,45.67,Mobile,United Kingdom,5
ORD-205166,USER-105166,2025-01-17 18:00:00,155.57,Mobile,United Kingdom,2
ORD-205175,USER-105175,2025-02-03 09:00:00,98.97,Desktop,India,3
ORD-205177,USER-105177,2025-03-11 09:00:00,341.19,Tablet,France,3
ORD-205182,USER-105182,2025-02-17 12:00:00,169.17,Mobile,Germany,4
ORD-205188,USER-105188,2025-03-03 15:00:00,62.23,Mobile,United States,2
ORD-205192,USER-105192,2025-01-13 19:00:00,21.24,Mobile,United Kingdom,1
ORD-205196,USER-105196,2025-03-13 15:00:00,62.95,Desktop,United Kingdom,5
ORD-205198,USER-105198,2025-03-19 21:00:00,64.91,Tablet,India,3
ORD-205205,USER-105205,2025-03-11 20:00:00,39.89,Mobile,United Kingdom,5
ORD-205206,USER-105206,2025-03-18 19:00:00,204.22,Desktop,Germany,5
ORD-205216,USER-105216,2025-02-07 09:00:00,283.55,Mobile,Germany,5
ORD-205220,USER-105220,2025-02-28 12:00:00,36.8,Desktop,United Kingdom,7
ORD-205225,USER-105225,2025-03-15 22:00:00,101.64,Mobile,United Kingdom,3
ORD-205230,USER-105230,2025-01-15 13:00:00,123.42,Mobile,India,4
ORD-205239,USER-105239,2025-01-21 13:00:00,67.97,Mobile,India,2
ORD-205241,USER-105241,2025-02-15 19:00:00,80.76,Mobile,United Kingdom,1
ORD-205244,USER-105244,2025-01-31 11:00:00,64.7,Mobile,United Kingdom,2
ORD-205246,USER-105246,2025-03-17 19:00:00,170.23,Mobile,United States,5
ORD-205249,USER-105249,2025-02-17 21:00:00,27.39,Desktop,United States,6
ORD-205252,USER-105252,2025-04-02 14:00:00,103.87,Desktop,United Kingdom,3
ORD-205254,USER-105254,2025-02-27 09:00:00,53.08,Mobile,India,4
ORD-205261,USER-105261,2025-03-07 14:00:00,64.91,Desktop,United States,1
ORD-205262,USER-105262,2025-01-22 19:00:00,59.42,Desktop,France,5
ORD-205264,USER-105264,2025-03-15 19:00:00,177.47,Mobile,United States,3
ORD-205268,USER-105268,2025-04-03 15:00:00,55.03,Mobile,Australia,8
ORD-205272,USER-105272,2025-02-11 12:00:00,268.91,Mobile,France,3
ORD-205282,USER-105282,2025-02-11 11:00:00,270.88,Mobile,France,5
ORD-205290,USER-105290,2025-02-23 13:00:00,210.31,Desktop,India,6
ORD-205300,USER-105300,2025-02-22 12:00:00,146.96,Desktop,United Kingdom,5
ORD-205301,USER-105301,2025-02-04 14:00:00,142.4,Mobile,Australia,3
ORD-205308,USER-105308,2025-02-16 21:00:00,75.44,Desktop,United States,3
ORD-205309,USER-105309,2025-02-19 10:00:00,161.85,Desktop,United States,5
ORD-205315,USER-105315,2025-02-03 11:00:00,30.71,Mobile,Germany,5
ORD-205318,USER-105318,2025-03-05 21:00:00,80.73,Mobile,France,5
ORD-205319,USER-105319,2025-02-10 14:00:00,84.65,Tablet,India,4
ORD-205324,USER-105324,2025-03-06 19:00:00,48.73,Desktop,United Kingdom,5
ORD-205327,USER-105327,2025-01-20 16:00:00,137.42,Mobile,Canada,5
ORD-205329,USER-105329,2025-02-02 20:00:00,192.44,Mobile,United States,7
ORD-205333,USER-105333,2025-02-20 12:00:00,106.8,Desktop,Germany,5
ORD-205341,USER-105341,2025-01-28 18:00:00,123.83,Desktop,United States,5
ORD-205345,USER-105345,2025-02-28 16:00:00,150.55,Desktop,United Kingdom,3
ORD-205347,USER-105347,2025-03-20 09:00:00,93.22,Mobile,United Kingdom,3
ORD-205348,USER-105348,2025-01-24 15:00:00,276.99,Mobile,Australia,7
ORD-205363,USER-105363,2025-03-11 15:00:00,22.36,Mobile,United Kingdom,8
ORD-205365,USER-105365,2025-02-12 14:00:00,95.53,Desktop,United Kingdom,4
ORD-205368,USER-105368,2025-03-22 17:00:00,92.4,Mobile,India,5
ORD-205373,USER-105373,2025-03-04 18:00:00,55.82,Mobile,United States,8
ORD-205375,USER-105375,2025-03-11 14:00:00,144.51,Tablet,United Kingdom,4
ORD-205379,USER-105379,2025-03-13 16:00:00,89.25,Tablet,United Kingdom,7
ORD-205387,USER-105387,2025-01-16 12:00:00,41.76,Desktop,United Kingdom,1
ORD-205390,USER-105390,2025-03-02 14:00:00,131.79,Mobile,United Kingdom,2
ORD-205391,USER-105391,2025-03-18 09:00:00,150.31,Desktop,United Kingdom,7
ORD-205392,USER-105392,2025-02-18 14:00:00,79.14,Mobile,United Kingdom,7
ORD-205393,USER-105393,2025-02-02 13:00:00,164.04,Mobile,United Kingdom,6
ORD-205397,USER-105397,2025-02-11 17:00:00,68.8,Mobile,Canada,5
ORD-205400,USER-105400,2025-02-01 13:00:00,93.74,Mobile,India,3
ORD-205402,USER-105402,2025-02-09 13:00:00,89.44,Mobile,India,1
ORD-205407,USER-105407,2025-01-28 18:00:00,128.07,Mobile,United Kingdom,4
ORD-205409,USER-105409,2025-02-07 17:00:00,75.58,Desktop,United Kingdom,5
ORD-205415,USER-105415,2025-02-22 21:00:00,150.1,Desktop,United Kingdom,1
ORD-205438,USER-105438,2025-02-09 18:00:00,64.97,Mobile,Australia,4
ORD-205445,USER-105445,2025-02-19 18:00:00,186.54,Desktop,United States,1
ORD-205455,USER-105455,2025-01-28 12:00:00,121.03,Desktop,United States,6
ORD-205456,USER-105456,2025-02-09 21:00:00,48.04,Desktop,Canada,1
ORD-205476,USER-105476,2025-01-28 15:00:00,215.17,Mobile,France,7
ORD-205484,USER-105484,2025-02-24 16:00:00,45.75,Mobile,United Kingdom,6
ORD-205491,USER-105491,2025-03-10 11:00:00,129.35,Mobile,France,3
ORD-205497,USER-105497,2025-03-02 18:00:00,95.17,Mobile,France,6
ORD-205500,USER-105500,2025-01-20 13:00:00,375.39,Mobile,United Kingdom,1
ORD-205510,USER-105510,2025-02-23 16:00:00,159.83,Tablet,India,3
ORD-205519,USER-105519,2025-02-04 09:00:00,60.47,Mobile,United Kingdom,2
ORD-205523,USER-105523,2025-02-16 22:00:00,152.05,Mobile,Australia,6
ORD-205527,USER-105527,2025-02-02 15:00:00,85.69,Desktop,India,1
ORD-205539,USER-105539,2025-02-11 17:00:00,261.78,Mobile,United States,3
ORD-205542,USER-105542,2025-01-29 22:00:00,43.57,Desktop,India,3
ORD-205548,USER-105548,2025-03-21 20:00:00,106.15,Mobile,Germany,2
ORD-205562,USER-105562,2025-02-25 14:00:00,114.62,Desktop,India,3
ORD-205571,USER-105571,2025-01-28 13:00:00,131.19,Mobile,India,2
ORD-205572,USER-105572,2025-02-27 18:00:00,86.95,Mobile,United Kingdom,2
ORD-205577,USER-105577,2025-02-13 22:00:00,62.84,Mobile,United Kingdom,4
ORD-205581,USER-105581,2025-04-04 11:00:00,121.73,Mobile,United Kingdom,7
ORD-205583,USER-105583,2025-02-25 14:00:00,89.21,Desktop,United Kingdom,5
ORD-205585,USER-105585,2025-01-30 09:00:00,117.9,Mobile,United Kingdom,7
ORD-205592,USER-105592,2025-03-17 13:00:00,100.0,Mobile,United Kingdom,4
ORD-205596,USER-105596,2025-02-19 12:00:00,139.09,Tablet,United Kingdom,6
ORD-205599,USER-105599,2025-02-10 16:00:00,55.98,Mobile,France,5
ORD-205600,USER-105600,2025-03-20 11:00:00,60.27,Desktop,United Kingdom,5
ORD-205601,USER-105601,2025-02-19 12:00:00,55.12,Tablet,United Kingdom,1
ORD-205603,USER-105603,2025-03-08 15:00:00,138.94,Desktop,United States,4
ORD-205607,USER-105607,2025-02-17 14:00:00,108.03,Mobile,United States,2
ORD-205610,USER-105610,2025-03-12 18:00:00,57.82,Mobile,United Kingdom,1
ORD-205619,USER-105619,2025-02-23 11:00:00,93.88,Mobile,Germany,4
ORD-205627,USER-105627,2025-02-05 21:00:00,90.8,Desktop,United Kingdom,3
ORD-205628,USER-105628,2025-03-23 16:00:00,102.0,Desktop,France,6
ORD-205630,USER-105630,2025-02-06 16:00:00,114.63,Mobile,United Kingdom,3
ORD-205632,USER-105632,2025-02-03 21:00:00,56.07,Desktop,United Kingdom,1
ORD-205633,USER-105633,2025-02-13 21:00:00,55.73,Desktop,United States,3
ORD-205662,USER-105662,2025-03-16 17:00:00,29.9,Mobile,France,3
ORD-205666,USER-105666,2025-02-20 17:00:00,179.01,Tablet,United Kingdom,5
ORD-205669,USER-105669,2025-04-01 18:00:00,70.41,Mobile,United States,7
ORD-205670,USER-105670,2025-02-15 10:00:00,65.04,Mobile,United Kingdom,3
ORD-205674,USER-105674,2025-03-13 10:00:00,76.45,Desktop,United Kingdom,7
ORD-205678,USER-105678,2025-03-02 11:00:00,50.97,Mobile,United Kingdom,4
ORD-205679,USER-105679,2025-01-18 11:00:00,99.99,Mobile,Canada,3
ORD-205689,USER-105689,2025-03-30 11:00:00,138.29,Mobile,United Kingdom,5
ORD-205690,USER-105690,2025-03-26 19:00:00,197.73,Mobile,France,7
ORD-205693,USER-105693,2025-02-28 10:00:00,103.31,Mobile,United States,5
ORD-205698,USER-105698,2025-01-29 17:00:00,236.48,Desktop,France,4
ORD-205699,USER-105699,2025-01-28 22:00:00,91.52,Tablet,Australia,3
ORD-205706,USER-105706,2025-02-02 14:00:00,466.21,Mobile,Germany,6
ORD-205710,USER-105710,2025-03-20 16:00:00,113.75,Mobile,United States,5
ORD-205713,USER-105713,2025-02-10 17:00:00,273.92,Desktop,United Kingdom,4
ORD-205714,USER-105714,2025-03-21 13:00:00,86.01,Tablet,France,6
ORD-205719,USER-105719,2025-03-05 09:00:00,150.44,Desktop,United Kingdom,5
ORD-205723,USER-105723,2025-02-16 14:00:00,284.01,Desktop,United Kingdom,3
ORD-205729,USER-105729,2025-02-06 09:00:00,111.21,Mobile,India,1
ORD-205735,USER-105735,2025-01-30 11:00:00,27.57,Mobile,Canada,3
ORD-205736,USER-105736,2025-02-12 09:00:00,89.51,Desktop,United States,2
ORD-205740,USER-105740,2025-02-14 15:00:00,155.05,Desktop,United Kingdom,2
ORD-205753,USER-105753,2025-03-01 14:00:00,169.01,Mobile,United States,4
ORD-205754,USER-105754,2025-01-07 18:00:00,59.98,Mobile,Germany,2
ORD-205756,USER-105756,2025-02-01 17:00:00,89.45,Mobile,United Kingdom,5
ORD-205762,USER-105762,2025-02-15 13:00:00,145.04,Mobile,Australia,3
ORD-205783,USER-105783,2025-02-13 11:00:00,107.14,Desktop,United Kingdom,6
ORD-205791,USER-105791,2025-03-02 19:00:00,59.88,Mobile,Germany,3
ORD-205795,USER-105795,2025-03-05 14:00:00,116.9,Tablet,United States,3
ORD-205805,USER-105805,2025-02-19 19:00:00,155.45,Desktop,United Kingdom,3
ORD-205808,USER-105808,2025-03-14 13:00:00,108.13,Desktop,United Kingdom,5
ORD-205809,USER-105809,2025-01-21 15:00:00,130.0,Desktop,United States,4
ORD-205811,USER-105811,2025-02-18 10:00:00,77.97,Mobile,United States,8
ORD-205820,USER-105820,2025-03-07 21:00:00,22.36,Mobile,United Kingdom,6
ORD-205824,USER-105824,2025-02-12 20:00:00,79.15,Desktop,United States,5
ORD-205826,USER-105826,2025-01-13 19:00:00,21.69,Mobile,India,1
ORD-205828,USER-105828,2025-03-25 13:00:00,124.51,Mobile,Canada,5
ORD-205832,USER-105832,2025-03-04 13:00:00,72.32,Mobile,Canada,2
ORD-205839,USER-105839,2025-03-19 15:00:00,81.72,Mobile,Australia,7
ORD-205848,USER-105848,2025-02-19 15:00:00,47.69,Desktop,United Kingdom,4
ORD-205854,USER-105854,2025-02-01 22:00:00,102.21,Mobile,United Kingdom,6
ORD-205858,USER-105858,2025-01-17 13:00:00,283.04,Mobile,United States,1
ORD-205862,USER-105862,2025-03-07 15:00:00,205.16,Mobile,United States,6
ORD-205864,USER-105864,2025-01-18 12:00:00,136.01,Desktop,India,1
ORD-205866,USER-105866,2025-03-28 21:00:00,140.79,Mobile,United States,3
ORD-205873,USER-105873,2025-02-09 21:00:00,79.53,Mobile,United States,3
ORD-205879,USER-105879,2025-02-16 10:00:00,78.52,Desktop,India,5
ORD-205881,USER-105881,2025-02-09 15:00:00,76.96,Mobile,United Kingdom,5
ORD-205882,USER-105882,2025-01-31 15:00:00,52.71,Mobile,United Kingdom,3
ORD-205887,USER-105887,2025-03-11 09:00:00,57.34,Tablet,United Kingdom,5
ORD-205890,USER-105890,2025-02-27 10:00:00,43.37,Mobile,United Kingdom,1
ORD-205895,USER-105895,2025-01-19 18:00:00,224.5,Mobile,France,3
ORD-205902,USER-105902,2025-03-06 13:00:00,80.66,Desktop,France,3
ORD-205913,USER-105913,2025-01-17 17:00:00,43.96,Desktop,United Kingdom,4
ORD-205924,USER-105924,2025-02-17 18:00:00,144.6,Mobile,United Kingdom,6
ORD-205930,USER-105930,2025-03-17 12:00:00,189.25,Mobile,United Kingdom,3
ORD-205943,USER-105943,2025-03-13 14:00:00,74.11,Mobile,United Kingdom,3
ORD-205946,USER-105946,2025-03-24 21:00:00,86.92,Mobile,Canada,3
ORD-205954,USER-105954,2025-02-27 09:00:00,54.44,Mobile,United Kingdom,3
ORD-205960,USER-105960,2025-03-14 18:00:00,79.3,Mobile,Canada,2
ORD-205962,USER-105962,2025-02-19 09:00:00,151.21,Desktop,France,3
ORD-205964,USER-105964,2025-01-29 21:00:00,138.44,Mobile,India,4
ORD-205977,USER-105977,2025-03-07 13:00:00,63.23,Mobile,India,2
ORD-205978,USER-105978,2025-03-29 12:00:00,122.88,Mobile,France,2
ORD-205984,USER-105984,2025-03-02 20:00:00,142.62,Desktop,United Kingdom,1
ORD-205989,USER-105989,2025-02-02 10:00:00,166.52,Tablet,India,4
ORD-205990,USER-105990,2025-03-21 14:00:00,180.29,Mobile,India,3
ORD-205991,USER-105991,2025-02-05 16:00:00,87.66,Desktop,India,4
ORD-205993,USER-105993,2025-03-20 12:00:00,70.31,Mobile,United Kingdom,2
ORD-205997,USER-105997,2025-01-18 20:00:00,30.54,Mobile,United States,3
ORD-205999,USER-105999,2025-03-19 09:00:00,60.23,Desktop,United States,5
ORD-206004,USER-106004,2025-03-05 09:00:00,156.29,Desktop,France,2
ORD-206005,USER-106005,2025-02-08 22:00:00,195.23,Desktop,Canada,2
ORD-206006,USER-106006,2025-01-31 14:00:00,291.31,Mobile,Germany,1
ORD-206009,USER-106009,2025-03-03 21:00:00,24.47,Mobile,India,7
ORD-206019,USER-106019,2025-03-01 21:00:00,93.67,Tablet,United Kingdom,5
ORD-206024,USER-106024,2025-02-01 09:00:00,270.32,Mobile,India,2
ORD-206029,USER-106029,2025-03-22 10:00:00,202.19,Mobile,United Kingdom,1
ORD-206033,USER-106033,2025-03-12 16:00:00,133.73,Mobile,United Kingdom,8
ORD-206035,USER-106035,2025-03-07 09:00:00,41.9,Desktop,Australia,2
ORD-206037,USER-106037,2025-04-02 19:00:00,187.88,Desktop,Germany,7
ORD-206038,USER-106038,2025-03-05 16:00:00,43.68,Mobile,United Kingdom,5
ORD-206044,USER-106044,2025-03-25 11:00:00,162.46,Desktop,India,5
ORD-206045,USER-106045,2025-02-25 17:00:00,136.72,Desktop,United Kingdom,3
ORD-206048,USER-106048,2025-02-16 18:00:00,97.5,Tablet,United Kingdom,2
ORD-206056,USER-106056,2025-01-27 17:00:00,53.3,Mobile,India,2
ORD-206057,USER-106057,2025-02-27 14:00:00,194.52,Mobile,United Kingdom,3
ORD-206059,USER-106059,2025-02-05 11:00:00,211.76,Desktop,United Kingdom,3
ORD-206060,USER-106060,2025-03-12 09:00:00,58.09,Mobile,United States,4
ORD-206061,USER-106061,2025-02-20 20:00:00,20.7,Desktop,United Kingdom,3
ORD-206062,USER-106062,2025-01-07 18:00:00,18.0,Tablet,United Kingdom,2
ORD-206068,USER-106068,2025-03-19 19:00:00,41.87,Desktop,Australia,5
ORD-206075,USER-106075,2025-01-10 16:00:00,50.7,Mobile,United States,2
ORD-206080,USER-106080,2025-03-10 18:00:00,105.38,Desktop,India,6
ORD-206096,USER-106096,2025-02-13 10:00:00,180.04,Mobile,United States,5
ORD-206106,USER-106106,2025-01-14 19:00:00,132.79,Desktop,India,6
ORD-206111,USER-106111,2025-03-20 22:00:00,69.96,Desktop,United Kingdom,4
ORD-206114,USER-106114,2025-01-25 22:00:00,68.45,Tablet,United Kingdom,5
ORD-206123,USER-106123,2025-02-22 13:00:00,107.48,Mobile,India,3
ORD-206130,USER-106130,2025-01-24 11:00:00,59.59,Mobile,Germany,1
ORD-206141,USER-106141,2025-03-01 18:00:00,32.31,Desktop,United Kingdom,7
ORD-206147,USER-106147,2025-02-24 21:00:00,67.88,Mobile,United States,3
ORD-206152,USER-106152,2025-02-16 17:00:00,179.29,Tablet,Canada,2
ORD-206157,USER-106157,2025-03-04 20:00:00,118.33,Desktop,United States,2
ORD-206162,USER-106162,2025-03-11 12:00:00,85.81,Mobile,Germany,6
ORD-206166,USER-106166,2025-03-07 17:00:00,114.81,Desktop,United Kingdom,5
ORD-206169,USER-106169,2025-03-26 19:00:00,234.59,Mobile,India,5
ORD-206171,USER-106171,2025-02-01 19:00:00,58.91,Mobile,Germany,5
ORD-206180,USER-106180,2025-02-15 10:00:00,83.62,Mobile,United Kingdom,3
ORD-206186,USER-106186,2025-02-22 13:00:00,39.69,Desktop,India,5
ORD-206189,USER-106189,2025-02-28 17:00:00,195.97,Mobile,India,1
ORD-206191,USER-106191,2025-03-06 22:00:00,208.12,Desktop,United Kingdom,2
ORD-206201,USER-106201,2025-02-06 20:00:00,230.34,Desktop,United Kingdom,2
ORD-206203,USER-106203,2025-03-27 22:00:00,47.36,Tablet,India,3
ORD-206205,USER-106205,2025-02-16 09:00:00,171.78,Mobile,United States,8
ORD-206208,USER-106208,2025-03-31 18:00:00,116.44,Mobile,United Kingdom,4
ORD-206213,USER-106213,2025-03-17 22:00:00,126.39,Tablet,United Kingdom,5
ORD-206220,USER-106220,2025-01-25 09:00:00,72.59,Mobile,United States,3
ORD-206222,USER-106222,2025-03-08 20:00:00,32.97,Mobile,United Kingdom,5
ORD-206226,USER-106226,2025-02-16 13:00:00,35.85,Desktop,Canada,3
ORD-206229,USER-106229,2025-02-04 11:00:00,214.96,Mobile,United Kingdom,6
ORD-206231,USER-106231,2025-02-01 22:00:00,197.56,Mobile,United Kingdom,4
ORD-206233,USER-106233,2025-01-26 17:00:00,39.29,Mobile,Canada,3
ORD-206239,USER-106239,2025-03-13 17:00:00,112.88,Mobile,United States,2
ORD-206240,USER-106240,2025-01-10 20:00:00,61.79,Mobile,United Kingdom,1
ORD-206243,USER-106243,2025-03-05 12:00:00,100.51,Mobile,United States,3
ORD-206246,USER-106246,2025-03-03 18:00:00,82.33,Mobile,United States,1
ORD-206253,USER-106253,2025-01-24 16:00:00,197.49,Mobile,France,1
ORD-206254,USER-106254,2025-02-16 20:00:00,125.3,Mobile,United Kingdom,2
ORD-206256,USER-106256,2025-03-11 21:00:00,61.79,Tablet,France,2
ORD-206257,USER-106257,2025-03-11 19:00:00,115.3,Tablet,United Kingdom,4
ORD-206272,USER-106272,2025-04-01 18:00:00,120.83,Mobile,France,3
ORD-206281,USER-106281,2025-03-03 21:00:00,120.06,Mobile,United Kingdom,2
ORD-206285,USER-106285,2025-02-02 12:00:00,176.54,Desktop,United Kingdom,5
ORD-206290,USER-106290,2025-02-17 18:00:00,142.0,Mobile,United Kingdom,5
ORD-206293,USER-106293,2025-03-18 17:00:00,95.3,Desktop,Canada,2
ORD-206301,USER-106301,2025-03-17 18:00:00,61.81,Mobile,India,4
ORD-206303,USER-106303,2025-02-12 15:00:00,104.6,Desktop,United Kingdom,4
ORD-206305,USER-106305,2025-02-02 18:00:00,45.67,Desktop,Canada,2
ORD-206312,USER-106312,2025-02-15 18:00:00,44.64,Mobile,United Kingdom,3
ORD-206315,USER-106315,2025-03-29 11:00:00,99.96,Mobile,India,3
ORD-206328,USER-106328,2025-02-12 21:00:00,82.86,Mobile,Canada,2
ORD-206331,USER-106331,2025-02-09 15:00:00,205.32,Tablet,United Kingdom,3
ORD-206337,USER-106337,2025-01-27 13:00:00,154.64,Mobile,Canada,4
ORD-206341,USER-106341,2025-02-10 22:00:00,86.47,Mobile,United States,4
ORD-206343,USER-106343,2025-03-30 15:00:00,196.14,Mobile,United Kingdom,6
ORD-206348,USER-106348,2025-01-29 12:00:00,79.02,Desktop,Australia,5
ORD-206352,USER-106352,2025-03-18 13:00:00,31.3,Mobile,United States,7
ORD-206353,USER-106353,2025-02-11 22:00:00,279.4,Mobile,United States,1
ORD-206357,USER-106357,2025-01-31 14:00:00,61.0,Mobile,United Kingdom,6
ORD-206359,USER-106359,2025-01-12 15:00:00,79.94,Mobile,United Kingdom,2
ORD-206369,USER-106369,2025-03-04 16:00:00,129.01,Mobile,India,2
ORD-206370,USER-106370,2025-03-11 12:00:00,193.0,Desktop,United Kingdom,7
ORD-206380,USER-106380,2025-03-26 17:00:00,63.8,Desktop,Canada,6
ORD-206381,USER-106381,2025-01-29 09:00:00,98.72,Desktop,India,4
ORD-206403,USER-106403,2025-02-03 11:00:00,61.42,Mobile,India,4
ORD-206405,USER-106405,2025-03-26 15:00:00,173.54,Mobile,Canada,2
ORD-206410,USER-106410,2025-02-02 20:00:00,85.94,Tablet,United States,3
ORD-206413,USER-106413,2025-03-15 18:00:00,116.37,Mobile,United States,5
ORD-206414,USER-106414,2025-01-20 21:00:00,67.31,Desktop,United Kingdom,4
ORD-206415,USER-106415,2025-03-22 20:00:00,66.47,Desktop,United Kingdom,1
ORD-206420,USER-106420,2025-03-12 18:00:00,211.27,Mobile,United Kingdom,4
ORD-206430,USER-106430,2025-01-25 14:00:00,258.18,Mobile,Germany,4
ORD-206431,USER-106431,2025-03-24 09:00:00,77.44,Tablet,Germany,3
ORD-206436,USER-106436,2025-03-03 22:00:00,143.86,Mobile,Canada,7
ORD-206453,USER-106453,2025-01-13 18:00:00,101.0,Tablet,Germany,2
ORD-206454,USER-106454,2025-01-10 20:00:00,183.35,Mobile,Canada,3
ORD-206455,USER-106455,2025-01-21 11:00:00,25.06,Mobile,France,3
ORD-206480,USER-106480,2025-02-14 20:00:00,81.56,Mobile,United Kingdom,5
ORD-206482,USER-106482,2025-03-12 21:00:00,53.94,Desktop,United Kingdom,3
ORD-206485,USER-106485,2025-01-30 13:00:00,62.57,Mobile,Australia,3
ORD-206496,USER-106496,2025-02-11 17:00:00,142.61,Mobile,France,1
ORD-206511,USER-106511,2025-01-24 11:00:00,86.82,Mobile,Australia,7
ORD-206515,USER-106515,2025-02-16 17:00:00,69.27,Tablet,United Kingdom,6
ORD-206522,USER-106522,2025-01-19 20:00:00,39.22,Desktop,United States,2
ORD-206523,USER-106523,2025-01-30 12:00:00,79.37,Mobile,United States,4
ORD-206529,USER-106529,2025-02-08 13:00:00,114.13,Tablet,United Kingdom,7
ORD-206532,USER-106532,2025-03-18 13:00:00,80.14,Desktop,United Kingdom,5
ORD-206546,USER-106546,2025-03-22 15:00:00,30.49,Mobile,United Kingdom,2
ORD-206554,USER-106554,2025-03-17 21:00:00,100.22,Mobile,Germany,4
ORD-206563,USER-106563,2025-02-06 19:00:00,120.48,Mobile,Canada,6
ORD-206565,USER-106565,2025-02-02 17:00:00,179.56,Mobile,United States,5
ORD-206575,USER-106575,2025-01-21 16:00:00,83.16,Mobile,United Kingdom,2
ORD-206577,USER-106577,2025-03-19 10:00:00,196.92,Mobile,United States,5
ORD-206579,USER-106579,2025-02-10 11:00:00,71.99,Mobile,Canada,5
ORD-206581,USER-106581,2025-02-06 15:00:00,103.3,Tablet,United Kingdom,2
ORD-206589,USER-106589,2025-03-23 14:00:00,221.28,Desktop,France,2
ORD-206593,USER-106593,2025-02-02 11:00:00,180.9,Desktop,United Kingdom,2
ORD-206595,USER-106595,2025-02-16 21:00:00,126.96,Mobile,United States,2
ORD-206601,USER-106601,2025-03-06 12:00:00,146.5,Mobile,United Kingdom,2
ORD-206602,USER-106602,2025-03-08 21:00:00,139.94,Mobile,United Kingdom,1
ORD-206607,USER-106607,2025-03-30 13:00:00,55.91,Mobile,Germany,7
ORD-206611,USER-106611,2025-03-28 17:00:00,246.01,Mobile,United Kingdom,7
ORD-206615,USER-106615,2025-03-27 17:00:00,100.53,Desktop,United Kingdom,4
ORD-206618,USER-106618,2025-02-27 16:00:00,46.21,Mobile,United Kingdom,3
ORD-206625,USER-106625,2025-01-31 11:00:00,121.16,Mobile,Canada,1
ORD-206626,USER-106626,2025-03-11 13:00:00,161.06,Desktop,Germany,2
ORD-206637,USER-106637,2025-02-24 14:00:00,177.05,Mobile,France,6
ORD-206641,USER-106641,2025-02-09 22:00:00,56.39,Desktop,India,2
ORD-206642,USER-106642,2025-01-30 20:00:00,68.28,Mobile,United Kingdom,3
ORD-206649,USER-106649,2025-01-19 15:00:00,112.23,Mobile,United Kingdom,4
ORD-206671,USER-106671,2025-02-16 10:00:00,50.28,Mobile,United Kingdom,2
ORD-206679,USER-106679,2025-02-18 15:00:00,99.17,Desktop,United States,4
ORD-206681,USER-106681,2025-03-05 18:00:00,52.92,Mobile,Germany,1
ORD-206682,USER-106682,2025-03-01 20:00:00,181.89,Desktop,Australia,2
ORD-206687,USER-106687,2025-03-02 09:00:00,26.81,Tablet,United Kingdom,5
ORD-206696,USER-106696,2025-02-09 16:00:00,175.4,Mobile,United Kingdom,3
ORD-206705,USER-106705,2025-02-21 16:00:00,218.12,Mobile,United Kingdom,3
ORD-206718,USER-106718,2025-01-20 13:00:00,81.16,Mobile,United Kingdom,8
ORD-206720,USER-106720,2025-02-27 11:00:00,32.09,Mobile,United Kingdom,6
ORD-206723,USER-106723,2025-04-03 12:00:00,117.82,Mobile,United States,3
ORD-206727,USER-106727,2025-01-25 19:00:00,128.23,Desktop,United Kingdom,6
ORD-206735,USER-106735,2025-02-11 14:00:00,49.32,Mobile,United Kingdom,3
ORD-206757,USER-106757,2025-02-20 17:00:00,183.49,Mobile,United States,4
ORD-206758,USER-106758,2025-03-14 12:00:00,192.13,Mobile,India,3
ORD-206761,USER-106761,2025-01-24 14:00:00,92.79,Mobile,India,5
ORD-206778,USER-106778,2025-02-23 19:00:00,81.31,Desktop,Germany,2
ORD-206779,USER-106779,2025-01-22 15:00:00,134.58,Desktop,United Kingdom,2
ORD-206783,USER-106783,2025-02-24 11:00:00,98.49,Mobile,Canada,5
ORD-206792,USER-106792,2025-02-15 20:00:00,258.75,Mobile,India,7
ORD-206793,USER-106793,2025-01-29 19:00:00,119.15,Desktop,United Kingdom,4
ORD-206806,USER-106806,2025-03-24 14:00:00,125.78,Mobile,United Kingdom,7
ORD-206807,USER-106807,2025-03-23 10:00:00,83.93,Desktop,Australia,8
ORD-206809,USER-106809,2025-03-19 19:00:00,191.27,Mobile,Australia,3
ORD-206811,USER-106811,2025-03-08 22:00:00,197.88,Mobile,United Kingdom,5
ORD-206821,USER-106821,2025-01-15 18:00:00,18.0,Mobile,United Kingdom,1
ORD-206826,USER-106826,2025-01-26 19:00:00,164.95,Desktop,United Kingdom,3
ORD-206837,USER-106837,2025-03-03 16:00:00,144.79,Desktop,Canada,3
ORD-206841,USER-106841,2025-04-05 22:00:00,74.48,Mobile,United Kingdom,2
ORD-206851,USER-106851,2025-01-18 22:00:00,343.08,Desktop,United Kingdom,6
ORD-206853,USER-106853,2025-03-09 09:00:00,108.77,Mobile,United States,3
ORD-206854,USER-106854,2025-03-09 14:00:00,69.33,Mobile,United Kingdom,3
ORD-206855,USER-106855,2025-01-21 22:00:00,45.59,Tablet,United Kingdom,4
ORD-206857,USER-106857,2025-03-25 15:00:00,99.84,Tablet,United Kingdom,2
ORD-206861,USER-106861,2025-03-05 10:00:00,212.22,Desktop,United Kingdom,8
ORD-206879,USER-106879,2025-02-13 17:00:00,114.6,Mobile,Australia,6
ORD-206884,USER-106884,2025-02-02 12:00:00,76.38,Desktop,United States,2
ORD-206890,USER-106890,2025-02-18 12:00:00,37.97,Desktop,United States,2
ORD-206898,USER-106898,2025-02-09 17:00:00,46.11,Desktop,Canada,2
ORD-206899,USER-106899,2025-02-14 22:00:00,258.68,Mobile,France,2
ORD-206902,USER-106902,2025-01-30 22:00:00,94.43,Desktop,United States,5
ORD-206906,USER-106906,2025-03-21 22:00:00,135.56,Desktop,Germany,4
ORD-206908,USER-106908,2025-02-11 11:00:00,34.38,Mobile,United Kingdom,3
ORD-206910,USER-106910,2025-02-28 20:00:00,116.57,Desktop,United States,4
ORD-206916,USER-106916,2025-03-16 22:00:00,220.81,Desktop,Germany,5
ORD-206917,USER-106917,2025-03-09 21:00:00,22.36,Desktop,United States,8
ORD-206925,USER-106925,2025-02-14 20:00:00,81.75,Tablet,France,3
ORD-206926,USER-106926,2025-03-03 11:00:00,112.04,Desktop,United Kingdom,3
ORD-206927,USER-106927,2025-02-12 09:00:00,74.12,Desktop,United States,3
ORD-206928,USER-106928,2025-03-16 19:00:00,161.23,Desktop,Canada,4
ORD-206934,USER-106934,2025-03-08 18:00:00,80.7,Mobile,Germany,2
ORD-206939,USER-106939,2025-03-12 16:00:00,80.03,Desktop,United Kingdom,3
ORD-206941,USER-106941,2025-03-29 16:00:00,204.87,Mobile,India,6
ORD-206942,USER-106942,2025-02-08 10:00:00,35.58,Tablet,Canada,4
ORD-206949,USER-106949,2025-01-28 09:00:00,38.41,Mobile,United Kingdom,2
ORD-206953,USER-106953,2025-02-06 11:00:00,154.81,Mobile,United Kingdom,3
ORD-206963,USER-106963,2025-03-11 11:00:00,82.47,Mobile,United Kingdom,6
ORD-206975,USER-106975,2025-02-09 16:00:00,235.39,Mobile,United States,4
ORD-206984,USER-106984,2025-03-07 09:00:00,187.83,Desktop,United States,3
ORD-206989,USER-106989,2025-01-31 12:00:00,115.65,Mobile,India,2
ORD-206995,USER-106995,2025-03-17 19:00:00,84.71,Mobile,United States,4
ORD-206997,USER-106997,2025-04-01 16:00:00,188.52,Desktop,United Kingdom,4
ORD-206998,USER-106998,2025-01-28 19:00:00,144.61,Mobile,United Kingdom,2
